Step,AgentID,Steps to fire up
6,"(0, 2)",-1
6,"(0, 5)",-1
6,"(0, 6)",-1
6,"(0, 7)",-1
6,"(0, 10)",-1
6,"(0, 11)",-1
6,"(0, 14)",-1
6,"(0, 15)",-1
6,"(0, 16)",-1
6,"(0, 17)",-1
6,"(0, 18)",-1
6,"(0, 19)",-1
6,"(0, 20)",-1
6,"(0, 24)",-1
6,"(0, 27)",-1
6,"(0, 29)",-1
6,"(0, 30)",-1
6,"(0, 31)",-1
6,"(0, 34)",-1
6,"(0, 37)",-1
6,"(0, 38)",-1
6,"(0, 40)",-1
6,"(0, 42)",-1
6,"(0, 44)",-1
6,"(0, 45)",-1
6,"(0, 46)",-1
6,"(0, 47)",-1
6,"(0, 49)",-1
6,"(0, 51)",-1
6,"(0, 52)",-1
6,"(0, 53)",-1
6,"(0, 55)",-1
6,"(0, 57)",-1
6,"(0, 58)",-1
6,"(0, 63)",-1
6,"(0, 66)",-1
6,"(0, 67)",-1
6,"(0, 70)",-1
6,"(0, 72)",-1
6,"(0, 74)",-1
6,"(0, 80)",-1
6,"(0, 81)",-1
6,"(0, 82)",-1
6,"(0, 83)",-1
6,"(0, 86)",-1
6,"(0, 87)",-1
6,"(0, 90)",-1
6,"(0, 91)",-1
6,"(0, 92)",-1
6,"(0, 95)",-1
6,"(0, 96)",-1
6,"(0, 97)",-1
6,"(0, 98)",-1
6,"(0, 99)",-1
6,"(1, 0)",-1
6,"(1, 1)",-1
6,"(1, 4)",-1
6,"(1, 8)",1
6,"(1, 13)",-1
6,"(1, 17)",-1
6,"(1, 19)",1
6,"(1, 21)",2
6,"(1, 23)",-1
6,"(1, 25)",-1
6,"(1, 33)",-1
6,"(1, 34)",1
6,"(1, 36)",-1
6,"(1, 39)",1
6,"(1, 40)",2
6,"(1, 41)",1
6,"(1, 42)",2
6,"(1, 43)",-1
6,"(1, 47)",-1
6,"(1, 48)",-1
6,"(1, 50)",1
6,"(1, 51)",1
6,"(1, 57)",-1
6,"(1, 63)",-1
6,"(1, 64)",-1
6,"(1, 65)",-1
6,"(1, 68)",1
6,"(1, 72)",-1
6,"(1, 75)",-1
6,"(1, 79)",-1
6,"(1, 80)",-1
6,"(1, 82)",-1
6,"(1, 83)",-1
6,"(1, 84)",3
6,"(1, 85)",2
6,"(1, 86)",3
6,"(1, 87)",1
6,"(1, 89)",4
6,"(1, 90)",3
6,"(1, 91)",1
6,"(1, 92)",1
6,"(1, 94)",-1
6,"(1, 96)",1
6,"(1, 97)",1
6,"(2, 0)",-1
6,"(2, 2)",4
6,"(2, 3)",4
6,"(2, 5)",2
6,"(2, 6)",2
6,"(2, 7)",1
6,"(2, 9)",1
6,"(2, 10)",2
6,"(2, 11)",3
6,"(2, 12)",4
6,"(2, 13)",4
6,"(2, 14)",5
6,"(2, 16)",-1
6,"(2, 20)",2
6,"(2, 23)",-1
6,"(2, 26)",-1
6,"(2, 27)",-1
6,"(2, 28)",-1
6,"(2, 32)",3
6,"(2, 33)",2
6,"(2, 38)",2
6,"(2, 40)",2
6,"(2, 41)",2
6,"(2, 46)",-1
6,"(2, 52)",2
6,"(2, 56)",-1
6,"(2, 58)",-1
6,"(2, 60)",-1
6,"(2, 61)",-1
6,"(2, 64)",3
6,"(2, 65)",3
6,"(2, 66)",3
6,"(2, 67)",2
6,"(2, 68)",2
6,"(2, 69)",2
6,"(2, 72)",-1
6,"(2, 76)",-1
6,"(2, 77)",-1
6,"(2, 79)",-1
6,"(2, 82)",3
6,"(2, 83)",3
6,"(2, 86)",2
6,"(2, 87)",2
6,"(2, 89)",3
6,"(2, 90)",2
6,"(2, 92)",2
6,"(2, 97)",2
6,"(2, 98)",2
6,"(3, 0)",-1
6,"(3, 4)",3
6,"(3, 5)",2
6,"(3, 6)",3
6,"(3, 7)",-1
6,"(3, 8)",2
6,"(3, 12)",4
6,"(3, 18)",-1
6,"(3, 23)",-1
6,"(3, 28)",-1
6,"(3, 31)",5
6,"(3, 32)",4
6,"(3, 35)",-1
6,"(3, 36)",-1
6,"(3, 50)",-1
6,"(3, 52)",-1
6,"(3, 54)",-1
6,"(3, 56)",-1
6,"(3, 59)",-1
6,"(3, 60)",-1
6,"(3, 62)",-1
6,"(3, 66)",-1
6,"(3, 73)",-1
6,"(3, 77)",-1
6,"(3, 78)",-1
6,"(3, 81)",-1
6,"(3, 82)",-1
6,"(3, 83)",-1
6,"(3, 86)",-1
6,"(3, 93)",-1
6,"(3, 95)",-1
6,"(3, 96)",-1
6,"(3, 97)",-1
6,"(3, 99)",-1
6,"(4, 1)",-1
6,"(4, 3)",-1
6,"(4, 4)",-1
6,"(4, 9)",-1
6,"(4, 15)",-1
6,"(4, 17)",-1
6,"(4, 19)",-1
6,"(4, 21)",-1
6,"(4, 22)",-1
6,"(4, 26)",-1
6,"(4, 27)",-1
6,"(4, 30)",-1
6,"(4, 33)",-1
6,"(4, 40)",-1
6,"(4, 42)",-1
6,"(4, 44)",-1
6,"(4, 48)",-1
6,"(4, 49)",-1
6,"(4, 50)",-1
6,"(4, 54)",-1
6,"(4, 55)",-1
6,"(4, 60)",-1
6,"(4, 63)",-1
6,"(4, 66)",-1
6,"(4, 68)",-1
6,"(4, 71)",-1
6,"(4, 72)",-1
6,"(4, 73)",-1
6,"(4, 77)",-1
6,"(4, 80)",-1
6,"(4, 84)",-1
6,"(4, 86)",-1
6,"(4, 87)",-1
6,"(4, 92)",-1
6,"(4, 95)",-1
6,"(4, 99)",-1
6,"(5, 1)",-1
6,"(5, 6)",-1
6,"(5, 9)",-1
6,"(5, 12)",-1
6,"(5, 14)",-1
6,"(5, 17)",-1
6,"(5, 18)",-1
6,"(5, 23)",-1
6,"(5, 24)",-1
6,"(5, 25)",-1
6,"(5, 27)",-1
6,"(5, 28)",-1
6,"(5, 34)",-1
6,"(5, 36)",-1
6,"(5, 37)",-1
6,"(5, 38)",-1
6,"(5, 46)",-1
6,"(5, 49)",-1
6,"(5, 50)",-1
6,"(5, 51)",-1
6,"(5, 52)",-1
6,"(5, 53)",-1
6,"(5, 55)",-1
6,"(5, 56)",-1
6,"(5, 58)",-1
6,"(5, 59)",-1
6,"(5, 61)",-1
6,"(5, 62)",-1
6,"(5, 64)",-1
6,"(5, 65)",-1
6,"(5, 66)",-1
6,"(5, 67)",-1
6,"(5, 71)",-1
6,"(5, 74)",-1
6,"(5, 76)",-1
6,"(5, 77)",-1
6,"(5, 78)",-1
6,"(5, 80)",-1
6,"(5, 81)",-1
6,"(5, 87)",-1
6,"(5, 88)",-1
6,"(5, 89)",-1
6,"(5, 92)",-1
6,"(5, 98)",-1
6,"(6, 4)",-1
6,"(6, 7)",-1
6,"(6, 10)",-1
6,"(6, 13)",-1
6,"(6, 17)",-1
6,"(6, 19)",-1
6,"(6, 20)",-1
6,"(6, 22)",-1
6,"(6, 24)",-1
6,"(6, 26)",-1
6,"(6, 28)",-1
6,"(6, 29)",-1
6,"(6, 30)",-1
6,"(6, 31)",-1
6,"(6, 32)",-1
6,"(6, 33)",-1
6,"(6, 37)",-1
6,"(6, 38)",-1
6,"(6, 39)",-1
6,"(6, 42)",-1
6,"(6, 43)",-1
6,"(6, 45)",-1
6,"(6, 47)",-1
6,"(6, 48)",-1
6,"(6, 49)",-1
6,"(6, 53)",-1
6,"(6, 55)",-1
6,"(6, 57)",-1
6,"(6, 58)",-1
6,"(6, 59)",-1
6,"(6, 61)",-1
6,"(6, 70)",-1
6,"(6, 72)",-1
6,"(6, 78)",-1
6,"(6, 83)",-1
6,"(6, 88)",-1
6,"(6, 91)",-1
6,"(6, 92)",-1
6,"(6, 93)",-1
6,"(6, 94)",-1
6,"(6, 95)",-1
6,"(6, 96)",-1
6,"(6, 97)",-1
6,"(6, 99)",-1
6,"(7, 0)",-1
6,"(7, 1)",-1
6,"(7, 2)",-1
6,"(7, 7)",-1
6,"(7, 10)",-1
6,"(7, 11)",-1
6,"(7, 12)",-1
6,"(7, 14)",-1
6,"(7, 16)",-1
6,"(7, 21)",-1
6,"(7, 23)",-1
6,"(7, 25)",-1
6,"(7, 27)",-1
6,"(7, 28)",-1
6,"(7, 29)",-1
6,"(7, 31)",-1
6,"(7, 33)",-1
6,"(7, 36)",-1
6,"(7, 38)",-1
6,"(7, 45)",-1
6,"(7, 47)",-1
6,"(7, 48)",-1
6,"(7, 49)",-1
6,"(7, 53)",-1
6,"(7, 56)",-1
6,"(7, 59)",-1
6,"(7, 60)",-1
6,"(7, 61)",-1
6,"(7, 66)",-1
6,"(7, 68)",-1
6,"(7, 69)",-1
6,"(7, 70)",-1
6,"(7, 71)",-1
6,"(7, 72)",-1
6,"(7, 74)",-1
6,"(7, 75)",-1
6,"(7, 77)",-1
6,"(7, 78)",-1
6,"(7, 79)",-1
6,"(7, 82)",-1
6,"(7, 83)",-1
6,"(7, 86)",-1
6,"(7, 94)",-1
6,"(7, 95)",-1
6,"(7, 96)",-1
6,"(7, 98)",-1
6,"(8, 1)",-1
6,"(8, 5)",-1
6,"(8, 8)",-1
6,"(8, 10)",-1
6,"(8, 12)",-1
6,"(8, 13)",-1
6,"(8, 14)",-1
6,"(8, 15)",-1
6,"(8, 19)",-1
6,"(8, 21)",-1
6,"(8, 23)",-1
6,"(8, 24)",-1
6,"(8, 27)",-1
6,"(8, 31)",-1
6,"(8, 33)",-1
6,"(8, 34)",-1
6,"(8, 36)",-1
6,"(8, 38)",-1
6,"(8, 41)",-1
6,"(8, 42)",-1
6,"(8, 45)",-1
6,"(8, 47)",-1
6,"(8, 48)",-1
6,"(8, 51)",-1
6,"(8, 58)",-1
6,"(8, 59)",-1
6,"(8, 61)",-1
6,"(8, 62)",-1
6,"(8, 63)",-1
6,"(8, 65)",-1
6,"(8, 66)",-1
6,"(8, 67)",-1
6,"(8, 69)",-1
6,"(8, 71)",-1
6,"(8, 73)",-1
6,"(8, 74)",-1
6,"(8, 75)",-1
6,"(8, 76)",-1
6,"(8, 82)",-1
6,"(8, 84)",-1
6,"(8, 89)",-1
6,"(8, 90)",-1
6,"(8, 92)",-1
6,"(8, 93)",-1
6,"(8, 94)",-1
6,"(8, 95)",-1
6,"(8, 98)",-1
6,"(9, 0)",-1
6,"(9, 3)",-1
6,"(9, 6)",-1
6,"(9, 9)",-1
6,"(9, 10)",-1
6,"(9, 11)",-1
6,"(9, 13)",-1
6,"(9, 15)",-1
6,"(9, 17)",-1
6,"(9, 20)",-1
6,"(9, 21)",-1
6,"(9, 22)",-1
6,"(9, 23)",-1
6,"(9, 26)",-1
6,"(9, 28)",-1
6,"(9, 29)",-1
6,"(9, 30)",-1
6,"(9, 33)",-1
6,"(9, 34)",-1
6,"(9, 36)",-1
6,"(9, 38)",-1
6,"(9, 39)",-1
6,"(9, 40)",-1
6,"(9, 41)",-1
6,"(9, 42)",-1
6,"(9, 43)",-1
6,"(9, 46)",-1
6,"(9, 48)",-1
6,"(9, 50)",-1
6,"(9, 51)",-1
6,"(9, 59)",-1
6,"(9, 60)",-1
6,"(9, 63)",-1
6,"(9, 65)",-1
6,"(9, 72)",-1
6,"(9, 74)",-1
6,"(9, 75)",-1
6,"(9, 76)",-1
6,"(9, 77)",-1
6,"(9, 78)",-1
6,"(9, 83)",-1
6,"(9, 84)",-1
6,"(9, 87)",-1
6,"(9, 96)",-1
6,"(9, 99)",-1
6,"(10, 0)",-1
6,"(10, 3)",-1
6,"(10, 4)",-1
6,"(10, 11)",-1
6,"(10, 18)",-1
6,"(10, 27)",-1
6,"(10, 28)",-1
6,"(10, 31)",-1
6,"(10, 34)",-1
6,"(10, 42)",-1
6,"(10, 43)",-1
6,"(10, 44)",-1
6,"(10, 47)",-1
6,"(10, 48)",-1
6,"(10, 50)",-1
6,"(10, 53)",-1
6,"(10, 57)",-1
6,"(10, 58)",-1
6,"(10, 60)",-1
6,"(10, 62)",-1
6,"(10, 63)",-1
6,"(10, 68)",-1
6,"(10, 69)",-1
6,"(10, 70)",-1
6,"(10, 73)",-1
6,"(10, 74)",-1
6,"(10, 76)",-1
6,"(10, 81)",-1
6,"(10, 84)",-1
6,"(10, 85)",-1
6,"(10, 86)",-1
6,"(10, 88)",-1
6,"(10, 89)",-1
6,"(10, 92)",-1
6,"(10, 94)",-1
6,"(10, 98)",-1
6,"(11, 4)",-1
6,"(11, 5)",-1
6,"(11, 7)",-1
6,"(11, 9)",-1
6,"(11, 10)",-1
6,"(11, 12)",-1
6,"(11, 15)",-1
6,"(11, 16)",-1
6,"(11, 18)",-1
6,"(11, 19)",-1
6,"(11, 20)",-1
6,"(11, 22)",-1
6,"(11, 26)",-1
6,"(11, 27)",-1
6,"(11, 28)",-1
6,"(11, 29)",-1
6,"(11, 30)",-1
6,"(11, 31)",-1
6,"(11, 32)",-1
6,"(11, 35)",-1
6,"(11, 36)",-1
6,"(11, 38)",-1
6,"(11, 39)",-1
6,"(11, 40)",-1
6,"(11, 41)",-1
6,"(11, 43)",-1
6,"(11, 44)",-1
6,"(11, 48)",-1
6,"(11, 51)",-1
6,"(11, 54)",-1
6,"(11, 55)",-1
6,"(11, 56)",-1
6,"(11, 64)",-1
6,"(11, 65)",-1
6,"(11, 69)",-1
6,"(11, 70)",-1
6,"(11, 72)",-1
6,"(11, 73)",-1
6,"(11, 79)",-1
6,"(11, 81)",-1
6,"(11, 86)",-1
6,"(11, 89)",-1
6,"(11, 90)",-1
6,"(11, 92)",-1
6,"(11, 94)",-1
6,"(11, 96)",-1
6,"(11, 97)",-1
6,"(12, 4)",-1
6,"(12, 5)",-1
6,"(12, 6)",-1
6,"(12, 14)",-1
6,"(12, 15)",-1
6,"(12, 16)",-1
6,"(12, 19)",-1
6,"(12, 26)",-1
6,"(12, 28)",-1
6,"(12, 29)",-1
6,"(12, 31)",-1
6,"(12, 32)",-1
6,"(12, 41)",-1
6,"(12, 44)",-1
6,"(12, 47)",-1
6,"(12, 48)",-1
6,"(12, 49)",-1
6,"(12, 52)",-1
6,"(12, 53)",-1
6,"(12, 54)",-1
6,"(12, 59)",-1
6,"(12, 61)",-1
6,"(12, 62)",-1
6,"(12, 63)",-1
6,"(12, 64)",-1
6,"(12, 65)",-1
6,"(12, 66)",-1
6,"(12, 70)",-1
6,"(12, 74)",-1
6,"(12, 75)",-1
6,"(12, 78)",-1
6,"(12, 80)",-1
6,"(12, 82)",-1
6,"(12, 83)",-1
6,"(12, 86)",-1
6,"(12, 87)",-1
6,"(12, 88)",-1
6,"(12, 89)",-1
6,"(12, 91)",-1
6,"(12, 94)",-1
6,"(12, 95)",-1
6,"(12, 97)",-1
6,"(13, 1)",-1
6,"(13, 2)",-1
6,"(13, 3)",-1
6,"(13, 4)",-1
6,"(13, 5)",-1
6,"(13, 7)",-1
6,"(13, 9)",-1
6,"(13, 11)",-1
6,"(13, 13)",-1
6,"(13, 15)",-1
6,"(13, 16)",-1
6,"(13, 21)",-1
6,"(13, 22)",-1
6,"(13, 23)",-1
6,"(13, 26)",-1
6,"(13, 27)",-1
6,"(13, 28)",-1
6,"(13, 29)",-1
6,"(13, 34)",-1
6,"(13, 36)",-1
6,"(13, 37)",-1
6,"(13, 39)",-1
6,"(13, 41)",-1
6,"(13, 43)",-1
6,"(13, 44)",-1
6,"(13, 45)",-1
6,"(13, 49)",-1
6,"(13, 50)",-1
6,"(13, 51)",-1
6,"(13, 53)",-1
6,"(13, 54)",-1
6,"(13, 55)",-1
6,"(13, 58)",-1
6,"(13, 59)",-1
6,"(13, 60)",-1
6,"(13, 61)",-1
6,"(13, 62)",-1
6,"(13, 65)",-1
6,"(13, 68)",-1
6,"(13, 69)",-1
6,"(13, 70)",-1
6,"(13, 71)",-1
6,"(13, 73)",-1
6,"(13, 75)",-1
6,"(13, 77)",-1
6,"(13, 79)",-1
6,"(13, 81)",-1
6,"(13, 82)",-1
6,"(13, 83)",-1
6,"(13, 90)",-1
6,"(13, 91)",-1
6,"(13, 92)",-1
6,"(13, 93)",-1
6,"(13, 97)",-1
6,"(13, 99)",-1
6,"(14, 1)",-1
6,"(14, 2)",-1
6,"(14, 5)",-1
6,"(14, 10)",-1
6,"(14, 14)",-1
6,"(14, 16)",-1
6,"(14, 17)",-1
6,"(14, 21)",-1
6,"(14, 22)",-1
6,"(14, 24)",-1
6,"(14, 25)",-1
6,"(14, 26)",-1
6,"(14, 27)",-1
6,"(14, 29)",-1
6,"(14, 30)",-1
6,"(14, 34)",-1
6,"(14, 37)",-1
6,"(14, 42)",-1
6,"(14, 44)",-1
6,"(14, 49)",-1
6,"(14, 51)",-1
6,"(14, 54)",-1
6,"(14, 59)",-1
6,"(14, 61)",-1
6,"(14, 64)",-1
6,"(14, 66)",-1
6,"(14, 67)",-1
6,"(14, 68)",-1
6,"(14, 73)",-1
6,"(14, 74)",-1
6,"(14, 77)",-1
6,"(14, 83)",-1
6,"(14, 85)",-1
6,"(14, 87)",-1
6,"(14, 89)",-1
6,"(14, 90)",-1
6,"(14, 91)",-1
6,"(14, 93)",-1
6,"(14, 96)",-1
6,"(14, 97)",-1
6,"(14, 98)",-1
6,"(15, 0)",-1
6,"(15, 1)",-1
6,"(15, 2)",-1
6,"(15, 10)",-1
6,"(15, 12)",-1
6,"(15, 14)",-1
6,"(15, 16)",-1
6,"(15, 19)",-1
6,"(15, 21)",-1
6,"(15, 22)",-1
6,"(15, 27)",-1
6,"(15, 30)",-1
6,"(15, 31)",-1
6,"(15, 34)",-1
6,"(15, 36)",-1
6,"(15, 37)",-1
6,"(15, 40)",-1
6,"(15, 42)",-1
6,"(15, 43)",-1
6,"(15, 45)",-1
6,"(15, 46)",-1
6,"(15, 49)",-1
6,"(15, 50)",-1
6,"(15, 51)",-1
6,"(15, 53)",-1
6,"(15, 57)",-1
6,"(15, 59)",-1
6,"(15, 60)",-1
6,"(15, 61)",-1
6,"(15, 66)",-1
6,"(15, 69)",-1
6,"(15, 70)",-1
6,"(15, 75)",-1
6,"(15, 78)",-1
6,"(15, 81)",-1
6,"(15, 85)",-1
6,"(15, 86)",-1
6,"(15, 87)",-1
6,"(15, 89)",-1
6,"(15, 91)",-1
6,"(15, 94)",-1
6,"(15, 96)",-1
6,"(15, 97)",-1
6,"(16, 0)",-1
6,"(16, 2)",-1
6,"(16, 3)",-1
6,"(16, 4)",-1
6,"(16, 6)",-1
6,"(16, 11)",-1
6,"(16, 12)",-1
6,"(16, 16)",-1
6,"(16, 18)",-1
6,"(16, 21)",-1
6,"(16, 23)",-1
6,"(16, 25)",-1
6,"(16, 26)",-1
6,"(16, 32)",-1
6,"(16, 35)",-1
6,"(16, 36)",-1
6,"(16, 38)",-1
6,"(16, 41)",-1
6,"(16, 44)",-1
6,"(16, 47)",-1
6,"(16, 48)",-1
6,"(16, 49)",-1
6,"(16, 52)",-1
6,"(16, 55)",-1
6,"(16, 59)",-1
6,"(16, 60)",-1
6,"(16, 62)",-1
6,"(16, 66)",-1
6,"(16, 68)",-1
6,"(16, 72)",-1
6,"(16, 74)",-1
6,"(16, 75)",-1
6,"(16, 76)",-1
6,"(16, 80)",-1
6,"(16, 84)",-1
6,"(16, 88)",-1
6,"(16, 89)",-1
6,"(16, 90)",-1
6,"(16, 94)",-1
6,"(16, 95)",-1
6,"(16, 97)",-1
6,"(17, 0)",-1
6,"(17, 1)",-1
6,"(17, 4)",-1
6,"(17, 9)",-1
6,"(17, 10)",-1
6,"(17, 11)",-1
6,"(17, 12)",-1
6,"(17, 14)",-1
6,"(17, 15)",-1
6,"(17, 17)",-1
6,"(17, 19)",-1
6,"(17, 20)",-1
6,"(17, 25)",-1
6,"(17, 26)",-1
6,"(17, 27)",-1
6,"(17, 28)",-1
6,"(17, 31)",-1
6,"(17, 32)",-1
6,"(17, 36)",-1
6,"(17, 39)",-1
6,"(17, 40)",-1
6,"(17, 42)",-1
6,"(17, 43)",-1
6,"(17, 44)",-1
6,"(17, 45)",-1
6,"(17, 46)",-1
6,"(17, 48)",-1
6,"(17, 51)",-1
6,"(17, 56)",-1
6,"(17, 59)",-1
6,"(17, 61)",-1
6,"(17, 62)",-1
6,"(17, 63)",-1
6,"(17, 65)",-1
6,"(17, 67)",-1
6,"(17, 69)",-1
6,"(17, 70)",-1
6,"(17, 74)",-1
6,"(17, 75)",-1
6,"(17, 79)",-1
6,"(17, 80)",-1
6,"(17, 83)",-1
6,"(17, 86)",-1
6,"(17, 87)",-1
6,"(17, 88)",-1
6,"(17, 89)",-1
6,"(17, 92)",-1
6,"(17, 94)",-1
6,"(17, 96)",-1
6,"(18, 3)",-1
6,"(18, 4)",-1
6,"(18, 5)",-1
6,"(18, 8)",-1
6,"(18, 11)",-1
6,"(18, 15)",-1
6,"(18, 17)",-1
6,"(18, 20)",-1
6,"(18, 21)",-1
6,"(18, 24)",-1
6,"(18, 31)",-1
6,"(18, 32)",-1
6,"(18, 34)",-1
6,"(18, 37)",-1
6,"(18, 39)",-1
6,"(18, 42)",-1
6,"(18, 46)",-1
6,"(18, 47)",-1
6,"(18, 50)",-1
6,"(18, 53)",-1
6,"(18, 57)",-1
6,"(18, 58)",-1
6,"(18, 59)",-1
6,"(18, 60)",-1
6,"(18, 65)",-1
6,"(18, 74)",-1
6,"(18, 75)",-1
6,"(18, 78)",-1
6,"(18, 79)",-1
6,"(18, 81)",-1
6,"(18, 83)",-1
6,"(18, 86)",-1
6,"(18, 88)",-1
6,"(18, 90)",-1
6,"(18, 92)",-1
6,"(18, 93)",-1
6,"(18, 97)",-1
6,"(18, 99)",-1
6,"(19, 2)",-1
6,"(19, 5)",-1
6,"(19, 6)",-1
6,"(19, 10)",-1
6,"(19, 11)",-1
6,"(19, 12)",-1
6,"(19, 14)",-1
6,"(19, 15)",-1
6,"(19, 17)",-1
6,"(19, 20)",-1
6,"(19, 22)",-1
6,"(19, 26)",-1
6,"(19, 28)",-1
6,"(19, 35)",-1
6,"(19, 39)",-1
6,"(19, 44)",-1
6,"(19, 45)",-1
6,"(19, 48)",-1
6,"(19, 49)",-1
6,"(19, 50)",-1
6,"(19, 54)",-1
6,"(19, 55)",-1
6,"(19, 62)",-1
6,"(19, 68)",-1
6,"(19, 69)",-1
6,"(19, 70)",-1
6,"(19, 71)",-1
6,"(19, 73)",-1
6,"(19, 81)",-1
6,"(19, 85)",-1
6,"(19, 86)",-1
6,"(19, 87)",-1
6,"(19, 89)",-1
6,"(19, 90)",-1
6,"(19, 91)",-1
6,"(19, 96)",-1
6,"(19, 97)",-1
6,"(20, 0)",-1
6,"(20, 3)",-1
6,"(20, 6)",-1
6,"(20, 8)",-1
6,"(20, 12)",-1
6,"(20, 14)",-1
6,"(20, 17)",-1
6,"(20, 21)",-1
6,"(20, 24)",-1
6,"(20, 26)",-1
6,"(20, 28)",-1
6,"(20, 34)",-1
6,"(20, 36)",-1
6,"(20, 37)",-1
6,"(20, 38)",-1
6,"(20, 39)",-1
6,"(20, 42)",-1
6,"(20, 44)",-1
6,"(20, 51)",-1
6,"(20, 52)",-1
6,"(20, 53)",-1
6,"(20, 56)",-1
6,"(20, 60)",-1
6,"(20, 61)",-1
6,"(20, 65)",-1
6,"(20, 66)",-1
6,"(20, 69)",-1
6,"(20, 70)",-1
6,"(20, 72)",-1
6,"(20, 77)",-1
6,"(20, 78)",-1
6,"(20, 79)",-1
6,"(20, 80)",-1
6,"(20, 83)",-1
6,"(20, 84)",-1
6,"(20, 85)",-1
6,"(20, 88)",-1
6,"(20, 91)",-1
6,"(20, 92)",-1
6,"(20, 93)",-1
6,"(20, 99)",-1
6,"(21, 1)",-1
6,"(21, 5)",-1
6,"(21, 8)",-1
6,"(21, 10)",-1
6,"(21, 11)",-1
6,"(21, 12)",-1
6,"(21, 13)",-1
6,"(21, 18)",-1
6,"(21, 20)",-1
6,"(21, 21)",-1
6,"(21, 23)",-1
6,"(21, 25)",-1
6,"(21, 26)",-1
6,"(21, 28)",-1
6,"(21, 32)",-1
6,"(21, 35)",-1
6,"(21, 36)",-1
6,"(21, 39)",-1
6,"(21, 43)",-1
6,"(21, 46)",-1
6,"(21, 47)",-1
6,"(21, 48)",-1
6,"(21, 50)",-1
6,"(21, 53)",-1
6,"(21, 56)",-1
6,"(21, 60)",-1
6,"(21, 65)",-1
6,"(21, 68)",-1
6,"(21, 70)",-1
6,"(21, 73)",-1
6,"(21, 74)",-1
6,"(21, 75)",-1
6,"(21, 78)",-1
6,"(21, 80)",-1
6,"(21, 82)",-1
6,"(21, 83)",-1
6,"(21, 86)",-1
6,"(21, 87)",-1
6,"(21, 93)",-1
6,"(21, 95)",-1
6,"(21, 98)",-1
6,"(21, 99)",-1
6,"(22, 6)",-1
6,"(22, 9)",-1
6,"(22, 10)",-1
6,"(22, 12)",-1
6,"(22, 15)",-1
6,"(22, 16)",-1
6,"(22, 21)",-1
6,"(22, 22)",-1
6,"(22, 27)",-1
6,"(22, 29)",-1
6,"(22, 33)",-1
6,"(22, 34)",-1
6,"(22, 38)",-1
6,"(22, 39)",-1
6,"(22, 40)",-1
6,"(22, 42)",-1
6,"(22, 43)",-1
6,"(22, 44)",-1
6,"(22, 47)",-1
6,"(22, 48)",-1
6,"(22, 50)",-1
6,"(22, 51)",-1
6,"(22, 53)",-1
6,"(22, 56)",-1
6,"(22, 58)",-1
6,"(22, 61)",-1
6,"(22, 64)",-1
6,"(22, 66)",-1
6,"(22, 70)",-1
6,"(22, 72)",-1
6,"(22, 74)",-1
6,"(22, 76)",-1
6,"(22, 79)",-1
6,"(22, 80)",-1
6,"(22, 81)",-1
6,"(22, 83)",-1
6,"(22, 84)",-1
6,"(22, 89)",-1
6,"(22, 91)",-1
6,"(22, 92)",-1
6,"(22, 94)",-1
6,"(22, 99)",-1
6,"(23, 0)",-1
6,"(23, 2)",-1
6,"(23, 5)",-1
6,"(23, 7)",-1
6,"(23, 8)",-1
6,"(23, 11)",-1
6,"(23, 13)",-1
6,"(23, 15)",-1
6,"(23, 16)",-1
6,"(23, 18)",-1
6,"(23, 21)",-1
6,"(23, 23)",-1
6,"(23, 27)",-1
6,"(23, 29)",-1
6,"(23, 31)",-1
6,"(23, 32)",-1
6,"(23, 36)",-1
6,"(23, 39)",-1
6,"(23, 45)",-1
6,"(23, 47)",-1
6,"(23, 51)",-1
6,"(23, 52)",-1
6,"(23, 54)",-1
6,"(23, 55)",-1
6,"(23, 61)",-1
6,"(23, 65)",-1
6,"(23, 67)",-1
6,"(23, 70)",-1
6,"(23, 71)",-1
6,"(23, 72)",-1
6,"(23, 75)",-1
6,"(23, 76)",-1
6,"(23, 77)",-1
6,"(23, 78)",-1
6,"(23, 79)",-1
6,"(23, 80)",-1
6,"(23, 81)",-1
6,"(23, 85)",-1
6,"(23, 89)",-1
6,"(23, 90)",-1
6,"(23, 95)",-1
6,"(24, 1)",-1
6,"(24, 2)",-1
6,"(24, 5)",-1
6,"(24, 8)",-1
6,"(24, 9)",-1
6,"(24, 10)",-1
6,"(24, 15)",-1
6,"(24, 16)",-1
6,"(24, 17)",-1
6,"(24, 18)",-1
6,"(24, 19)",-1
6,"(24, 22)",-1
6,"(24, 25)",-1
6,"(24, 27)",-1
6,"(24, 31)",-1
6,"(24, 33)",-1
6,"(24, 34)",-1
6,"(24, 39)",-1
6,"(24, 42)",-1
6,"(24, 44)",-1
6,"(24, 46)",-1
6,"(24, 47)",-1
6,"(24, 49)",-1
6,"(24, 51)",-1
6,"(24, 54)",-1
6,"(24, 56)",-1
6,"(24, 57)",-1
6,"(24, 58)",-1
6,"(24, 63)",-1
6,"(24, 67)",-1
6,"(24, 68)",-1
6,"(24, 75)",-1
6,"(24, 76)",-1
6,"(24, 77)",-1
6,"(24, 78)",-1
6,"(24, 79)",-1
6,"(24, 80)",-1
6,"(24, 84)",-1
6,"(24, 86)",-1
6,"(24, 88)",-1
6,"(24, 90)",-1
6,"(24, 91)",-1
6,"(24, 93)",-1
6,"(24, 94)",-1
6,"(25, 0)",-1
6,"(25, 2)",-1
6,"(25, 4)",-1
6,"(25, 7)",-1
6,"(25, 10)",-1
6,"(25, 11)",-1
6,"(25, 12)",-1
6,"(25, 13)",-1
6,"(25, 14)",-1
6,"(25, 15)",-1
6,"(25, 16)",-1
6,"(25, 17)",-1
6,"(25, 18)",-1
6,"(25, 21)",-1
6,"(25, 23)",-1
6,"(25, 26)",-1
6,"(25, 29)",-1
6,"(25, 33)",-1
6,"(25, 34)",-1
6,"(25, 38)",-1
6,"(25, 40)",-1
6,"(25, 43)",-1
6,"(25, 44)",-1
6,"(25, 46)",-1
6,"(25, 51)",-1
6,"(25, 55)",-1
6,"(25, 56)",-1
6,"(25, 58)",-1
6,"(25, 61)",-1
6,"(25, 62)",-1
6,"(25, 63)",-1
6,"(25, 65)",-1
6,"(25, 66)",-1
6,"(25, 69)",-1
6,"(25, 71)",-1
6,"(25, 72)",-1
6,"(25, 75)",-1
6,"(25, 77)",-1
6,"(25, 80)",-1
6,"(25, 82)",-1
6,"(25, 83)",-1
6,"(25, 84)",-1
6,"(25, 85)",-1
6,"(25, 86)",-1
6,"(25, 88)",-1
6,"(25, 91)",-1
6,"(25, 92)",-1
6,"(25, 95)",-1
6,"(25, 97)",-1
6,"(25, 98)",-1
6,"(26, 0)",-1
6,"(26, 5)",-1
6,"(26, 11)",-1
6,"(26, 18)",-1
6,"(26, 23)",-1
6,"(26, 25)",-1
6,"(26, 27)",-1
6,"(26, 28)",-1
6,"(26, 30)",-1
6,"(26, 36)",-1
6,"(26, 37)",-1
6,"(26, 38)",-1
6,"(26, 41)",-1
6,"(26, 44)",-1
6,"(26, 46)",-1
6,"(26, 48)",-1
6,"(26, 53)",-1
6,"(26, 54)",-1
6,"(26, 56)",-1
6,"(26, 60)",-1
6,"(26, 61)",-1
6,"(26, 65)",-1
6,"(26, 70)",-1
6,"(26, 71)",-1
6,"(26, 77)",-1
6,"(26, 80)",-1
6,"(26, 84)",-1
6,"(26, 86)",-1
6,"(26, 89)",-1
6,"(26, 90)",-1
6,"(26, 92)",-1
6,"(26, 93)",-1
6,"(26, 94)",-1
6,"(26, 98)",-1
6,"(27, 3)",-1
6,"(27, 9)",-1
6,"(27, 10)",-1
6,"(27, 12)",-1
6,"(27, 16)",-1
6,"(27, 17)",-1
6,"(27, 18)",-1
6,"(27, 21)",-1
6,"(27, 22)",-1
6,"(27, 24)",-1
6,"(27, 26)",-1
6,"(27, 28)",-1
6,"(27, 31)",-1
6,"(27, 33)",-1
6,"(27, 40)",-1
6,"(27, 43)",-1
6,"(27, 45)",-1
6,"(27, 48)",-1
6,"(27, 49)",-1
6,"(27, 50)",-1
6,"(27, 51)",-1
6,"(27, 52)",-1
6,"(27, 53)",-1
6,"(27, 55)",-1
6,"(27, 56)",-1
6,"(27, 58)",-1
6,"(27, 59)",-1
6,"(27, 60)",-1
6,"(27, 61)",-1
6,"(27, 63)",-1
6,"(27, 64)",-1
6,"(27, 65)",-1
6,"(27, 68)",-1
6,"(27, 70)",-1
6,"(27, 71)",-1
6,"(27, 72)",-1
6,"(27, 73)",-1
6,"(27, 74)",-1
6,"(27, 75)",-1
6,"(27, 80)",-1
6,"(27, 82)",-1
6,"(27, 84)",-1
6,"(27, 85)",-1
6,"(27, 88)",-1
6,"(27, 91)",-1
6,"(27, 94)",-1
6,"(27, 95)",-1
6,"(27, 96)",-1
6,"(27, 97)",-1
6,"(27, 99)",-1
6,"(28, 1)",-1
6,"(28, 2)",-1
6,"(28, 6)",-1
6,"(28, 8)",-1
6,"(28, 9)",-1
6,"(28, 12)",-1
6,"(28, 17)",-1
6,"(28, 19)",-1
6,"(28, 20)",-1
6,"(28, 21)",-1
6,"(28, 25)",-1
6,"(28, 31)",-1
6,"(28, 34)",-1
6,"(28, 37)",-1
6,"(28, 40)",-1
6,"(28, 42)",-1
6,"(28, 43)",-1
6,"(28, 44)",-1
6,"(28, 47)",-1
6,"(28, 50)",-1
6,"(28, 52)",-1
6,"(28, 54)",-1
6,"(28, 55)",-1
6,"(28, 57)",-1
6,"(28, 58)",-1
6,"(28, 61)",-1
6,"(28, 62)",-1
6,"(28, 68)",-1
6,"(28, 69)",-1
6,"(28, 75)",-1
6,"(28, 76)",-1
6,"(28, 77)",-1
6,"(28, 79)",-1
6,"(28, 83)",-1
6,"(28, 84)",-1
6,"(28, 86)",-1
6,"(28, 87)",-1
6,"(28, 91)",-1
6,"(28, 94)",-1
6,"(28, 95)",-1
6,"(28, 96)",-1
6,"(28, 97)",-1
6,"(29, 2)",-1
6,"(29, 4)",-1
6,"(29, 6)",-1
6,"(29, 10)",-1
6,"(29, 13)",-1
6,"(29, 16)",-1
6,"(29, 17)",-1
6,"(29, 19)",-1
6,"(29, 22)",-1
6,"(29, 23)",-1
6,"(29, 27)",-1
6,"(29, 30)",-1
6,"(29, 31)",-1
6,"(29, 34)",-1
6,"(29, 36)",-1
6,"(29, 38)",-1
6,"(29, 39)",-1
6,"(29, 40)",-1
6,"(29, 50)",-1
6,"(29, 51)",-1
6,"(29, 52)",-1
6,"(29, 53)",-1
6,"(29, 55)",-1
6,"(29, 57)",-1
6,"(29, 58)",-1
6,"(29, 59)",-1
6,"(29, 63)",-1
6,"(29, 65)",-1
6,"(29, 68)",-1
6,"(29, 74)",-1
6,"(29, 75)",-1
6,"(29, 76)",-1
6,"(29, 77)",-1
6,"(29, 78)",-1
6,"(29, 80)",-1
6,"(29, 84)",-1
6,"(29, 85)",-1
6,"(29, 86)",-1
6,"(29, 88)",-1
6,"(29, 91)",-1
6,"(29, 95)",-1
6,"(29, 98)",-1
6,"(30, 1)",-1
6,"(30, 3)",-1
6,"(30, 8)",-1
6,"(30, 12)",-1
6,"(30, 14)",-1
6,"(30, 15)",-1
6,"(30, 16)",-1
6,"(30, 17)",-1
6,"(30, 19)",-1
6,"(30, 21)",-1
6,"(30, 26)",-1
6,"(30, 30)",-1
6,"(30, 31)",-1
6,"(30, 35)",-1
6,"(30, 40)",-1
6,"(30, 41)",-1
6,"(30, 42)",-1
6,"(30, 44)",-1
6,"(30, 46)",-1
6,"(30, 47)",-1
6,"(30, 48)",-1
6,"(30, 49)",-1
6,"(30, 50)",-1
6,"(30, 51)",-1
6,"(30, 53)",-1
6,"(30, 55)",-1
6,"(30, 57)",-1
6,"(30, 60)",-1
6,"(30, 64)",-1
6,"(30, 66)",-1
6,"(30, 68)",-1
6,"(30, 69)",-1
6,"(30, 71)",-1
6,"(30, 72)",-1
6,"(30, 74)",-1
6,"(30, 75)",-1
6,"(30, 79)",-1
6,"(30, 80)",-1
6,"(30, 81)",-1
6,"(30, 83)",-1
6,"(30, 85)",-1
6,"(30, 86)",-1
6,"(30, 91)",-1
6,"(30, 96)",-1
6,"(30, 99)",-1
6,"(31, 2)",-1
6,"(31, 3)",-1
6,"(31, 4)",-1
6,"(31, 8)",-1
6,"(31, 9)",-1
6,"(31, 11)",-1
6,"(31, 13)",-1
6,"(31, 14)",-1
6,"(31, 15)",-1
6,"(31, 16)",-1
6,"(31, 19)",-1
6,"(31, 22)",-1
6,"(31, 24)",-1
6,"(31, 26)",-1
6,"(31, 28)",-1
6,"(31, 29)",-1
6,"(31, 30)",-1
6,"(31, 34)",-1
6,"(31, 35)",-1
6,"(31, 38)",-1
6,"(31, 39)",-1
6,"(31, 41)",-1
6,"(31, 42)",-1
6,"(31, 47)",-1
6,"(31, 48)",-1
6,"(31, 51)",-1
6,"(31, 53)",-1
6,"(31, 55)",-1
6,"(31, 57)",-1
6,"(31, 58)",-1
6,"(31, 59)",-1
6,"(31, 61)",-1
6,"(31, 62)",-1
6,"(31, 66)",-1
6,"(31, 69)",-1
6,"(31, 71)",-1
6,"(31, 72)",-1
6,"(31, 74)",-1
6,"(31, 76)",-1
6,"(31, 82)",-1
6,"(31, 88)",-1
6,"(31, 89)",-1
6,"(31, 93)",-1
6,"(31, 97)",-1
6,"(31, 98)",-1
6,"(32, 2)",-1
6,"(32, 6)",-1
6,"(32, 10)",-1
6,"(32, 13)",-1
6,"(32, 15)",-1
6,"(32, 16)",-1
6,"(32, 18)",-1
6,"(32, 19)",-1
6,"(32, 20)",-1
6,"(32, 22)",-1
6,"(32, 27)",-1
6,"(32, 29)",-1
6,"(32, 32)",-1
6,"(32, 33)",-1
6,"(32, 35)",-1
6,"(32, 37)",-1
6,"(32, 39)",-1
6,"(32, 40)",-1
6,"(32, 44)",-1
6,"(32, 45)",-1
6,"(32, 46)",-1
6,"(32, 48)",-1
6,"(32, 52)",-1
6,"(32, 55)",-1
6,"(32, 57)",-1
6,"(32, 58)",-1
6,"(32, 59)",-1
6,"(32, 61)",-1
6,"(32, 63)",-1
6,"(32, 64)",-1
6,"(32, 65)",-1
6,"(32, 71)",-1
6,"(32, 75)",-1
6,"(32, 78)",-1
6,"(32, 79)",-1
6,"(32, 82)",-1
6,"(32, 89)",-1
6,"(32, 90)",-1
6,"(32, 91)",-1
6,"(32, 92)",-1
6,"(32, 95)",-1
6,"(32, 96)",-1
6,"(33, 1)",-1
6,"(33, 3)",-1
6,"(33, 4)",-1
6,"(33, 5)",-1
6,"(33, 6)",-1
6,"(33, 8)",-1
6,"(33, 9)",-1
6,"(33, 10)",-1
6,"(33, 12)",-1
6,"(33, 13)",-1
6,"(33, 16)",-1
6,"(33, 17)",-1
6,"(33, 18)",-1
6,"(33, 20)",-1
6,"(33, 25)",-1
6,"(33, 26)",-1
6,"(33, 27)",-1
6,"(33, 29)",-1
6,"(33, 34)",-1
6,"(33, 35)",-1
6,"(33, 37)",-1
6,"(33, 38)",-1
6,"(33, 40)",-1
6,"(33, 44)",-1
6,"(33, 45)",-1
6,"(33, 46)",-1
6,"(33, 47)",-1
6,"(33, 48)",-1
6,"(33, 49)",-1
6,"(33, 51)",-1
6,"(33, 55)",-1
6,"(33, 63)",-1
6,"(33, 64)",-1
6,"(33, 72)",-1
6,"(33, 73)",-1
6,"(33, 77)",-1
6,"(33, 78)",-1
6,"(33, 79)",-1
6,"(33, 80)",-1
6,"(33, 82)",-1
6,"(33, 88)",-1
6,"(33, 89)",-1
6,"(33, 92)",-1
6,"(33, 94)",-1
6,"(33, 97)",-1
6,"(33, 98)",-1
6,"(34, 2)",-1
6,"(34, 3)",-1
6,"(34, 5)",-1
6,"(34, 6)",-1
6,"(34, 8)",-1
6,"(34, 9)",-1
6,"(34, 11)",-1
6,"(34, 13)",-1
6,"(34, 14)",-1
6,"(34, 16)",-1
6,"(34, 17)",-1
6,"(34, 18)",-1
6,"(34, 20)",-1
6,"(34, 21)",-1
6,"(34, 22)",-1
6,"(34, 23)",-1
6,"(34, 24)",-1
6,"(34, 29)",-1
6,"(34, 34)",-1
6,"(34, 35)",-1
6,"(34, 37)",-1
6,"(34, 38)",-1
6,"(34, 39)",-1
6,"(34, 42)",-1
6,"(34, 43)",-1
6,"(34, 46)",-1
6,"(34, 47)",-1
6,"(34, 48)",-1
6,"(34, 50)",-1
6,"(34, 51)",-1
6,"(34, 52)",-1
6,"(34, 53)",-1
6,"(34, 59)",-1
6,"(34, 62)",-1
6,"(34, 66)",-1
6,"(34, 67)",-1
6,"(34, 68)",-1
6,"(34, 74)",-1
6,"(34, 75)",-1
6,"(34, 78)",-1
6,"(34, 79)",-1
6,"(34, 81)",-1
6,"(34, 82)",-1
6,"(34, 83)",-1
6,"(34, 87)",-1
6,"(34, 88)",-1
6,"(34, 90)",-1
6,"(34, 91)",-1
6,"(34, 95)",-1
6,"(34, 96)",-1
6,"(34, 97)",-1
6,"(34, 99)",-1
6,"(35, 3)",-1
6,"(35, 4)",-1
6,"(35, 5)",-1
6,"(35, 10)",-1
6,"(35, 11)",-1
6,"(35, 18)",-1
6,"(35, 19)",-1
6,"(35, 23)",-1
6,"(35, 24)",-1
6,"(35, 28)",-1
6,"(35, 32)",-1
6,"(35, 38)",-1
6,"(35, 39)",-1
6,"(35, 41)",-1
6,"(35, 45)",-1
6,"(35, 47)",-1
6,"(35, 50)",-1
6,"(35, 51)",-1
6,"(35, 54)",-1
6,"(35, 58)",-1
6,"(35, 60)",-1
6,"(35, 64)",-1
6,"(35, 67)",-1
6,"(35, 75)",-1
6,"(35, 77)",-1
6,"(35, 79)",-1
6,"(35, 80)",-1
6,"(35, 87)",-1
6,"(35, 89)",-1
6,"(35, 94)",-1
6,"(35, 95)",-1
6,"(35, 96)",-1
6,"(35, 97)",-1
6,"(35, 99)",-1
6,"(36, 0)",-1
6,"(36, 1)",-1
6,"(36, 2)",-1
6,"(36, 4)",-1
6,"(36, 6)",-1
6,"(36, 7)",-1
6,"(36, 8)",-1
6,"(36, 13)",-1
6,"(36, 14)",-1
6,"(36, 16)",-1
6,"(36, 18)",-1
6,"(36, 20)",-1
6,"(36, 21)",-1
6,"(36, 22)",-1
6,"(36, 23)",-1
6,"(36, 25)",-1
6,"(36, 27)",-1
6,"(36, 31)",-1
6,"(36, 32)",-1
6,"(36, 33)",-1
6,"(36, 35)",-1
6,"(36, 36)",-1
6,"(36, 38)",-1
6,"(36, 42)",-1
6,"(36, 47)",-1
6,"(36, 48)",-1
6,"(36, 49)",-1
6,"(36, 51)",-1
6,"(36, 52)",-1
6,"(36, 53)",-1
6,"(36, 57)",-1
6,"(36, 58)",-1
6,"(36, 63)",-1
6,"(36, 65)",-1
6,"(36, 67)",-1
6,"(36, 68)",-1
6,"(36, 69)",-1
6,"(36, 70)",-1
6,"(36, 71)",-1
6,"(36, 72)",-1
6,"(36, 73)",-1
6,"(36, 74)",-1
6,"(36, 76)",-1
6,"(36, 80)",-1
6,"(36, 81)",-1
6,"(36, 82)",-1
6,"(36, 83)",-1
6,"(36, 87)",-1
6,"(36, 89)",-1
6,"(36, 92)",-1
6,"(36, 98)",-1
6,"(36, 99)",-1
6,"(37, 1)",-1
6,"(37, 6)",-1
6,"(37, 11)",-1
6,"(37, 15)",-1
6,"(37, 17)",-1
6,"(37, 19)",-1
6,"(37, 20)",-1
6,"(37, 24)",-1
6,"(37, 27)",-1
6,"(37, 28)",-1
6,"(37, 33)",-1
6,"(37, 35)",-1
6,"(37, 37)",-1
6,"(37, 38)",-1
6,"(37, 39)",-1
6,"(37, 41)",-1
6,"(37, 42)",-1
6,"(37, 44)",-1
6,"(37, 45)",-1
6,"(37, 46)",-1
6,"(37, 49)",-1
6,"(37, 50)",-1
6,"(37, 51)",-1
6,"(37, 52)",-1
6,"(37, 53)",-1
6,"(37, 54)",-1
6,"(37, 55)",-1
6,"(37, 57)",-1
6,"(37, 61)",-1
6,"(37, 62)",-1
6,"(37, 65)",-1
6,"(37, 66)",-1
6,"(37, 73)",-1
6,"(37, 76)",-1
6,"(37, 78)",-1
6,"(37, 83)",-1
6,"(37, 90)",-1
6,"(37, 91)",-1
6,"(37, 93)",-1
6,"(37, 96)",-1
6,"(38, 1)",-1
6,"(38, 3)",-1
6,"(38, 4)",-1
6,"(38, 7)",-1
6,"(38, 8)",-1
6,"(38, 11)",-1
6,"(38, 13)",-1
6,"(38, 18)",-1
6,"(38, 19)",-1
6,"(38, 21)",-1
6,"(38, 25)",-1
6,"(38, 26)",-1
6,"(38, 27)",-1
6,"(38, 28)",-1
6,"(38, 31)",-1
6,"(38, 33)",-1
6,"(38, 34)",-1
6,"(38, 36)",-1
6,"(38, 43)",-1
6,"(38, 46)",-1
6,"(38, 50)",-1
6,"(38, 52)",-1
6,"(38, 53)",-1
6,"(38, 55)",-1
6,"(38, 56)",-1
6,"(38, 59)",-1
6,"(38, 61)",-1
6,"(38, 62)",-1
6,"(38, 65)",-1
6,"(38, 66)",-1
6,"(38, 72)",-1
6,"(38, 76)",-1
6,"(38, 78)",-1
6,"(38, 83)",-1
6,"(38, 89)",-1
6,"(38, 90)",-1
6,"(38, 93)",-1
6,"(38, 96)",-1
6,"(38, 97)",-1
6,"(38, 99)",-1
6,"(39, 3)",-1
6,"(39, 5)",-1
6,"(39, 6)",-1
6,"(39, 8)",-1
6,"(39, 11)",-1
6,"(39, 16)",-1
6,"(39, 17)",-1
6,"(39, 19)",-1
6,"(39, 22)",-1
6,"(39, 24)",-1
6,"(39, 25)",-1
6,"(39, 28)",-1
6,"(39, 31)",-1
6,"(39, 37)",-1
6,"(39, 42)",-1
6,"(39, 43)",-1
6,"(39, 44)",-1
6,"(39, 46)",-1
6,"(39, 47)",-1
6,"(39, 48)",-1
6,"(39, 49)",-1
6,"(39, 54)",-1
6,"(39, 56)",-1
6,"(39, 61)",-1
6,"(39, 62)",-1
6,"(39, 67)",-1
6,"(39, 69)",-1
6,"(39, 71)",-1
6,"(39, 73)",-1
6,"(39, 75)",-1
6,"(39, 76)",-1
6,"(39, 77)",-1
6,"(39, 80)",-1
6,"(39, 82)",-1
6,"(39, 83)",-1
6,"(39, 84)",-1
6,"(39, 90)",-1
6,"(39, 91)",-1
6,"(39, 93)",-1
6,"(39, 98)",-1
6,"(40, 0)",-1
6,"(40, 1)",-1
6,"(40, 3)",-1
6,"(40, 4)",-1
6,"(40, 5)",-1
6,"(40, 6)",-1
6,"(40, 8)",-1
6,"(40, 10)",-1
6,"(40, 12)",-1
6,"(40, 13)",-1
6,"(40, 14)",-1
6,"(40, 18)",-1
6,"(40, 19)",-1
6,"(40, 20)",-1
6,"(40, 21)",-1
6,"(40, 23)",-1
6,"(40, 24)",-1
6,"(40, 28)",-1
6,"(40, 29)",-1
6,"(40, 30)",-1
6,"(40, 37)",-1
6,"(40, 38)",-1
6,"(40, 39)",-1
6,"(40, 45)",-1
6,"(40, 46)",-1
6,"(40, 47)",-1
6,"(40, 48)",-1
6,"(40, 50)",-1
6,"(40, 51)",-1
6,"(40, 52)",-1
6,"(40, 54)",-1
6,"(40, 58)",-1
6,"(40, 61)",-1
6,"(40, 70)",-1
6,"(40, 71)",-1
6,"(40, 73)",-1
6,"(40, 77)",-1
6,"(40, 78)",-1
6,"(40, 82)",-1
6,"(40, 86)",-1
6,"(40, 87)",-1
6,"(40, 88)",-1
6,"(40, 89)",-1
6,"(40, 91)",-1
6,"(40, 95)",-1
6,"(40, 96)",-1
6,"(41, 5)",-1
6,"(41, 11)",-1
6,"(41, 14)",-1
6,"(41, 15)",-1
6,"(41, 16)",-1
6,"(41, 17)",-1
6,"(41, 18)",-1
6,"(41, 20)",-1
6,"(41, 31)",-1
6,"(41, 34)",-1
6,"(41, 37)",-1
6,"(41, 42)",-1
6,"(41, 45)",-1
6,"(41, 47)",-1
6,"(41, 48)",-1
6,"(41, 51)",-1
6,"(41, 53)",-1
6,"(41, 55)",-1
6,"(41, 56)",-1
6,"(41, 57)",-1
6,"(41, 64)",-1
6,"(41, 65)",-1
6,"(41, 66)",-1
6,"(41, 68)",-1
6,"(41, 71)",-1
6,"(41, 75)",-1
6,"(41, 76)",-1
6,"(41, 77)",-1
6,"(41, 83)",-1
6,"(41, 85)",-1
6,"(41, 86)",-1
6,"(41, 88)",-1
6,"(41, 90)",-1
6,"(41, 91)",-1
6,"(41, 94)",-1
6,"(41, 97)",-1
6,"(41, 98)",-1
6,"(42, 3)",-1
6,"(42, 6)",-1
6,"(42, 8)",-1
6,"(42, 10)",-1
6,"(42, 11)",-1
6,"(42, 13)",-1
6,"(42, 15)",-1
6,"(42, 18)",-1
6,"(42, 20)",-1
6,"(42, 21)",-1
6,"(42, 23)",-1
6,"(42, 26)",-1
6,"(42, 27)",-1
6,"(42, 28)",-1
6,"(42, 30)",-1
6,"(42, 34)",-1
6,"(42, 35)",-1
6,"(42, 41)",-1
6,"(42, 46)",-1
6,"(42, 52)",-1
6,"(42, 54)",-1
6,"(42, 57)",-1
6,"(42, 60)",-1
6,"(42, 61)",-1
6,"(42, 63)",-1
6,"(42, 64)",-1
6,"(42, 67)",-1
6,"(42, 69)",-1
6,"(42, 70)",-1
6,"(42, 74)",-1
6,"(42, 82)",-1
6,"(42, 84)",-1
6,"(42, 85)",-1
6,"(42, 86)",-1
6,"(42, 87)",-1
6,"(42, 89)",-1
6,"(42, 91)",-1
6,"(42, 92)",-1
6,"(42, 97)",-1
6,"(42, 98)",-1
6,"(42, 99)",-1
6,"(43, 5)",-1
6,"(43, 6)",-1
6,"(43, 11)",-1
6,"(43, 12)",-1
6,"(43, 13)",-1
6,"(43, 14)",-1
6,"(43, 16)",-1
6,"(43, 22)",-1
6,"(43, 24)",-1
6,"(43, 26)",-1
6,"(43, 27)",-1
6,"(43, 28)",-1
6,"(43, 29)",-1
6,"(43, 34)",-1
6,"(43, 35)",-1
6,"(43, 37)",-1
6,"(43, 40)",-1
6,"(43, 44)",-1
6,"(43, 47)",-1
6,"(43, 50)",-1
6,"(43, 51)",-1
6,"(43, 56)",-1
6,"(43, 57)",-1
6,"(43, 61)",-1
6,"(43, 63)",-1
6,"(43, 64)",-1
6,"(43, 65)",-1
6,"(43, 67)",-1
6,"(43, 69)",-1
6,"(43, 70)",-1
6,"(43, 73)",-1
6,"(43, 76)",-1
6,"(43, 78)",-1
6,"(43, 82)",-1
6,"(43, 84)",-1
6,"(43, 88)",-1
6,"(43, 90)",-1
6,"(43, 92)",-1
6,"(43, 98)",-1
6,"(44, 0)",-1
6,"(44, 2)",-1
6,"(44, 7)",-1
6,"(44, 8)",-1
6,"(44, 10)",-1
6,"(44, 11)",-1
6,"(44, 12)",-1
6,"(44, 14)",-1
6,"(44, 15)",-1
6,"(44, 17)",-1
6,"(44, 18)",-1
6,"(44, 19)",-1
6,"(44, 26)",-1
6,"(44, 27)",-1
6,"(44, 28)",-1
6,"(44, 29)",-1
6,"(44, 34)",-1
6,"(44, 35)",-1
6,"(44, 36)",-1
6,"(44, 39)",-1
6,"(44, 41)",-1
6,"(44, 42)",-1
6,"(44, 44)",-1
6,"(44, 51)",-1
6,"(44, 53)",-1
6,"(44, 54)",-1
6,"(44, 55)",-1
6,"(44, 56)",-1
6,"(44, 58)",-1
6,"(44, 63)",-1
6,"(44, 64)",-1
6,"(44, 68)",-1
6,"(44, 69)",-1
6,"(44, 70)",-1
6,"(44, 74)",-1
6,"(44, 81)",-1
6,"(44, 82)",-1
6,"(44, 83)",-1
6,"(44, 85)",-1
6,"(44, 88)",-1
6,"(44, 90)",-1
6,"(44, 96)",-1
6,"(45, 0)",-1
6,"(45, 1)",-1
6,"(45, 4)",-1
6,"(45, 5)",-1
6,"(45, 7)",-1
6,"(45, 10)",-1
6,"(45, 11)",-1
6,"(45, 12)",-1
6,"(45, 13)",-1
6,"(45, 15)",-1
6,"(45, 16)",-1
6,"(45, 18)",-1
6,"(45, 20)",-1
6,"(45, 21)",-1
6,"(45, 23)",-1
6,"(45, 27)",-1
6,"(45, 28)",-1
6,"(45, 29)",-1
6,"(45, 32)",-1
6,"(45, 35)",-1
6,"(45, 36)",-1
6,"(45, 38)",-1
6,"(45, 39)",-1
6,"(45, 41)",-1
6,"(45, 42)",-1
6,"(45, 43)",-1
6,"(45, 48)",-1
6,"(45, 50)",-1
6,"(45, 52)",-1
6,"(45, 54)",-1
6,"(45, 55)",-1
6,"(45, 62)",-1
6,"(45, 64)",-1
6,"(45, 66)",-1
6,"(45, 71)",-1
6,"(45, 78)",-1
6,"(45, 79)",-1
6,"(45, 80)",-1
6,"(45, 81)",-1
6,"(45, 82)",-1
6,"(45, 83)",-1
6,"(45, 88)",-1
6,"(45, 89)",-1
6,"(45, 90)",-1
6,"(45, 91)",-1
6,"(45, 93)",-1
6,"(45, 95)",-1
6,"(45, 98)",-1
6,"(45, 99)",-1
6,"(46, 1)",-1
6,"(46, 7)",-1
6,"(46, 8)",-1
6,"(46, 10)",-1
6,"(46, 12)",-1
6,"(46, 14)",-1
6,"(46, 15)",-1
6,"(46, 17)",-1
6,"(46, 20)",-1
6,"(46, 22)",-1
6,"(46, 24)",-1
6,"(46, 26)",-1
6,"(46, 28)",-1
6,"(46, 30)",-1
6,"(46, 32)",-1
6,"(46, 33)",-1
6,"(46, 34)",-1
6,"(46, 39)",-1
6,"(46, 42)",-1
6,"(46, 44)",-1
6,"(46, 48)",-1
6,"(46, 52)",-1
6,"(46, 54)",-1
6,"(46, 55)",-1
6,"(46, 56)",-1
6,"(46, 57)",-1
6,"(46, 58)",-1
6,"(46, 59)",-1
6,"(46, 61)",-1
6,"(46, 63)",-1
6,"(46, 66)",-1
6,"(46, 68)",-1
6,"(46, 70)",-1
6,"(46, 71)",-1
6,"(46, 72)",-1
6,"(46, 77)",-1
6,"(46, 79)",-1
6,"(46, 81)",-1
6,"(46, 84)",-1
6,"(46, 85)",-1
6,"(46, 86)",-1
6,"(46, 91)",-1
6,"(46, 92)",-1
6,"(46, 95)",-1
6,"(46, 98)",-1
6,"(47, 0)",-1
6,"(47, 5)",-1
6,"(47, 9)",-1
6,"(47, 10)",-1
6,"(47, 11)",-1
6,"(47, 14)",-1
6,"(47, 15)",-1
6,"(47, 16)",-1
6,"(47, 18)",-1
6,"(47, 22)",-1
6,"(47, 24)",-1
6,"(47, 26)",-1
6,"(47, 27)",-1
6,"(47, 30)",-1
6,"(47, 33)",-1
6,"(47, 36)",-1
6,"(47, 39)",-1
6,"(47, 41)",-1
6,"(47, 43)",-1
6,"(47, 44)",-1
6,"(47, 48)",-1
6,"(47, 50)",-1
6,"(47, 54)",-1
6,"(47, 55)",-1
6,"(47, 56)",-1
6,"(47, 57)",-1
6,"(47, 59)",-1
6,"(47, 60)",-1
6,"(47, 61)",-1
6,"(47, 62)",-1
6,"(47, 64)",-1
6,"(47, 66)",-1
6,"(47, 67)",-1
6,"(47, 69)",-1
6,"(47, 70)",-1
6,"(47, 74)",-1
6,"(47, 75)",-1
6,"(47, 79)",-1
6,"(47, 81)",-1
6,"(47, 83)",-1
6,"(47, 84)",-1
6,"(47, 89)",-1
6,"(47, 91)",-1
6,"(47, 94)",-1
6,"(47, 95)",-1
6,"(47, 96)",-1
6,"(48, 3)",-1
6,"(48, 12)",-1
6,"(48, 17)",-1
6,"(48, 21)",-1
6,"(48, 24)",-1
6,"(48, 26)",-1
6,"(48, 27)",-1
6,"(48, 28)",-1
6,"(48, 29)",-1
6,"(48, 33)",-1
6,"(48, 37)",-1
6,"(48, 39)",-1
6,"(48, 41)",-1
6,"(48, 42)",-1
6,"(48, 43)",-1
6,"(48, 44)",-1
6,"(48, 45)",-1
6,"(48, 49)",-1
6,"(48, 51)",-1
6,"(48, 53)",-1
6,"(48, 54)",-1
6,"(48, 63)",-1
6,"(48, 64)",-1
6,"(48, 65)",-1
6,"(48, 75)",-1
6,"(48, 76)",-1
6,"(48, 80)",-1
6,"(48, 81)",-1
6,"(48, 86)",-1
6,"(48, 87)",-1
6,"(48, 88)",-1
6,"(48, 90)",-1
6,"(48, 91)",-1
6,"(48, 92)",-1
6,"(48, 98)",-1
6,"(48, 99)",-1
6,"(49, 0)",-1
6,"(49, 1)",-1
6,"(49, 3)",-1
6,"(49, 4)",-1
6,"(49, 9)",-1
6,"(49, 10)",-1
6,"(49, 13)",-1
6,"(49, 15)",-1
6,"(49, 16)",-1
6,"(49, 26)",-1
6,"(49, 28)",-1
6,"(49, 31)",-1
6,"(49, 32)",-1
6,"(49, 35)",-1
6,"(49, 37)",-1
6,"(49, 38)",-1
6,"(49, 40)",-1
6,"(49, 41)",-1
6,"(49, 45)",-1
6,"(49, 46)",-1
6,"(49, 53)",-1
6,"(49, 54)",-1
6,"(49, 55)",-1
6,"(49, 57)",-1
6,"(49, 58)",-1
6,"(49, 59)",-1
6,"(49, 61)",-1
6,"(49, 63)",-1
6,"(49, 64)",-1
6,"(49, 67)",-1
6,"(49, 69)",-1
6,"(49, 72)",-1
6,"(49, 73)",-1
6,"(49, 75)",-1
6,"(49, 77)",-1
6,"(49, 80)",-1
6,"(49, 84)",-1
6,"(49, 85)",-1
6,"(49, 87)",-1
6,"(49, 92)",-1
6,"(49, 94)",-1
6,"(49, 99)",-1
6,"(50, 5)",-1
6,"(50, 8)",-1
6,"(50, 9)",-1
6,"(50, 11)",-1
6,"(50, 12)",-1
6,"(50, 14)",-1
6,"(50, 15)",-1
6,"(50, 17)",-1
6,"(50, 20)",-1
6,"(50, 25)",-1
6,"(50, 26)",-1
6,"(50, 28)",-1
6,"(50, 29)",-1
6,"(50, 30)",-1
6,"(50, 31)",-1
6,"(50, 32)",-1
6,"(50, 33)",-1
6,"(50, 37)",-1
6,"(50, 39)",-1
6,"(50, 44)",-1
6,"(50, 48)",-1
6,"(50, 50)",-1
6,"(50, 52)",-1
6,"(50, 55)",-1
6,"(50, 58)",-1
6,"(50, 59)",-1
6,"(50, 61)",-1
6,"(50, 63)",-1
6,"(50, 64)",-1
6,"(50, 67)",-1
6,"(50, 68)",-1
6,"(50, 70)",-1
6,"(50, 74)",-1
6,"(50, 77)",-1
6,"(50, 78)",-1
6,"(50, 83)",-1
6,"(50, 86)",-1
6,"(50, 87)",-1
6,"(50, 89)",-1
6,"(50, 93)",-1
6,"(50, 97)",-1
6,"(50, 99)",-1
6,"(51, 2)",-1
6,"(51, 3)",-1
6,"(51, 6)",-1
6,"(51, 7)",-1
6,"(51, 8)",-1
6,"(51, 11)",-1
6,"(51, 12)",-1
6,"(51, 20)",-1
6,"(51, 21)",-1
6,"(51, 22)",-1
6,"(51, 24)",-1
6,"(51, 25)",-1
6,"(51, 27)",-1
6,"(51, 30)",-1
6,"(51, 32)",-1
6,"(51, 33)",-1
6,"(51, 34)",-1
6,"(51, 37)",-1
6,"(51, 38)",-1
6,"(51, 39)",-1
6,"(51, 40)",-1
6,"(51, 44)",-1
6,"(51, 45)",-1
6,"(51, 48)",-1
6,"(51, 52)",-1
6,"(51, 53)",-1
6,"(51, 57)",-1
6,"(51, 61)",-1
6,"(51, 64)",-1
6,"(51, 69)",-1
6,"(51, 72)",-1
6,"(51, 74)",-1
6,"(51, 75)",-1
6,"(51, 76)",-1
6,"(51, 77)",-1
6,"(51, 81)",-1
6,"(51, 82)",-1
6,"(51, 88)",-1
6,"(51, 89)",-1
6,"(51, 90)",-1
6,"(51, 91)",-1
6,"(51, 96)",-1
6,"(51, 99)",-1
6,"(52, 1)",-1
6,"(52, 2)",-1
6,"(52, 7)",-1
6,"(52, 8)",-1
6,"(52, 10)",-1
6,"(52, 11)",-1
6,"(52, 12)",-1
6,"(52, 14)",-1
6,"(52, 16)",-1
6,"(52, 23)",-1
6,"(52, 24)",-1
6,"(52, 25)",-1
6,"(52, 26)",-1
6,"(52, 28)",-1
6,"(52, 29)",-1
6,"(52, 31)",-1
6,"(52, 32)",-1
6,"(52, 33)",-1
6,"(52, 37)",-1
6,"(52, 38)",-1
6,"(52, 41)",-1
6,"(52, 43)",-1
6,"(52, 44)",-1
6,"(52, 45)",-1
6,"(52, 48)",-1
6,"(52, 53)",-1
6,"(52, 59)",-1
6,"(52, 61)",-1
6,"(52, 66)",-1
6,"(52, 67)",-1
6,"(52, 70)",-1
6,"(52, 71)",-1
6,"(52, 72)",-1
6,"(52, 74)",-1
6,"(52, 77)",-1
6,"(52, 82)",-1
6,"(52, 85)",-1
6,"(52, 87)",-1
6,"(52, 88)",-1
6,"(52, 90)",-1
6,"(52, 92)",-1
6,"(52, 94)",-1
6,"(52, 95)",-1
6,"(52, 96)",-1
6,"(52, 97)",-1
6,"(52, 99)",-1
6,"(53, 0)",-1
6,"(53, 1)",-1
6,"(53, 3)",-1
6,"(53, 5)",-1
6,"(53, 9)",-1
6,"(53, 10)",-1
6,"(53, 12)",-1
6,"(53, 13)",-1
6,"(53, 14)",-1
6,"(53, 15)",-1
6,"(53, 17)",-1
6,"(53, 18)",-1
6,"(53, 20)",-1
6,"(53, 21)",-1
6,"(53, 28)",-1
6,"(53, 34)",-1
6,"(53, 38)",-1
6,"(53, 42)",-1
6,"(53, 44)",-1
6,"(53, 48)",-1
6,"(53, 49)",-1
6,"(53, 50)",-1
6,"(53, 51)",-1
6,"(53, 52)",-1
6,"(53, 54)",-1
6,"(53, 55)",-1
6,"(53, 59)",-1
6,"(53, 60)",-1
6,"(53, 62)",-1
6,"(53, 64)",-1
6,"(53, 66)",-1
6,"(53, 69)",-1
6,"(53, 70)",-1
6,"(53, 73)",-1
6,"(53, 74)",-1
6,"(53, 76)",-1
6,"(53, 77)",-1
6,"(53, 80)",-1
6,"(53, 84)",-1
6,"(53, 85)",-1
6,"(53, 88)",-1
6,"(53, 89)",-1
6,"(53, 90)",-1
6,"(53, 92)",-1
6,"(53, 96)",-1
6,"(53, 97)",-1
6,"(53, 99)",-1
6,"(54, 0)",-1
6,"(54, 3)",-1
6,"(54, 11)",-1
6,"(54, 15)",-1
6,"(54, 17)",-1
6,"(54, 18)",-1
6,"(54, 20)",-1
6,"(54, 26)",-1
6,"(54, 28)",-1
6,"(54, 29)",-1
6,"(54, 30)",-1
6,"(54, 32)",-1
6,"(54, 35)",-1
6,"(54, 40)",-1
6,"(54, 41)",-1
6,"(54, 43)",-1
6,"(54, 47)",-1
6,"(54, 50)",-1
6,"(54, 54)",-1
6,"(54, 55)",-1
6,"(54, 56)",-1
6,"(54, 57)",-1
6,"(54, 60)",-1
6,"(54, 63)",-1
6,"(54, 65)",-1
6,"(54, 66)",-1
6,"(54, 67)",-1
6,"(54, 68)",-1
6,"(54, 69)",-1
6,"(54, 73)",-1
6,"(54, 78)",-1
6,"(54, 79)",-1
6,"(54, 82)",-1
6,"(54, 90)",-1
6,"(54, 91)",-1
6,"(54, 92)",-1
6,"(54, 94)",-1
6,"(54, 98)",-1
6,"(54, 99)",-1
6,"(55, 0)",-1
6,"(55, 1)",-1
6,"(55, 2)",-1
6,"(55, 4)",-1
6,"(55, 7)",-1
6,"(55, 8)",-1
6,"(55, 10)",-1
6,"(55, 13)",-1
6,"(55, 14)",-1
6,"(55, 15)",-1
6,"(55, 19)",-1
6,"(55, 20)",-1
6,"(55, 23)",-1
6,"(55, 27)",-1
6,"(55, 30)",-1
6,"(55, 33)",-1
6,"(55, 37)",-1
6,"(55, 39)",-1
6,"(55, 42)",-1
6,"(55, 43)",-1
6,"(55, 44)",-1
6,"(55, 45)",-1
6,"(55, 48)",-1
6,"(55, 50)",-1
6,"(55, 51)",-1
6,"(55, 55)",-1
6,"(55, 58)",-1
6,"(55, 60)",-1
6,"(55, 65)",-1
6,"(55, 67)",-1
6,"(55, 73)",-1
6,"(55, 74)",-1
6,"(55, 76)",-1
6,"(55, 77)",-1
6,"(55, 78)",-1
6,"(55, 79)",-1
6,"(55, 80)",-1
6,"(55, 81)",-1
6,"(55, 82)",-1
6,"(55, 87)",-1
6,"(55, 88)",-1
6,"(55, 91)",-1
6,"(55, 93)",-1
6,"(55, 94)",-1
6,"(55, 95)",-1
6,"(55, 98)",-1
6,"(55, 99)",-1
6,"(56, 4)",-1
6,"(56, 5)",-1
6,"(56, 7)",-1
6,"(56, 8)",-1
6,"(56, 11)",-1
6,"(56, 12)",-1
6,"(56, 13)",-1
6,"(56, 14)",-1
6,"(56, 17)",-1
6,"(56, 20)",-1
6,"(56, 22)",-1
6,"(56, 24)",-1
6,"(56, 26)",-1
6,"(56, 28)",-1
6,"(56, 29)",-1
6,"(56, 30)",-1
6,"(56, 33)",-1
6,"(56, 34)",-1
6,"(56, 36)",-1
6,"(56, 37)",-1
6,"(56, 41)",-1
6,"(56, 42)",-1
6,"(56, 44)",-1
6,"(56, 45)",-1
6,"(56, 50)",-1
6,"(56, 53)",-1
6,"(56, 56)",-1
6,"(56, 59)",-1
6,"(56, 63)",-1
6,"(56, 66)",-1
6,"(56, 70)",-1
6,"(56, 72)",-1
6,"(56, 74)",-1
6,"(56, 79)",-1
6,"(56, 80)",-1
6,"(56, 82)",-1
6,"(56, 85)",-1
6,"(56, 86)",-1
6,"(56, 88)",-1
6,"(56, 90)",-1
6,"(56, 92)",-1
6,"(56, 93)",-1
6,"(56, 95)",-1
6,"(56, 97)",-1
6,"(56, 98)",-1
6,"(56, 99)",-1
6,"(57, 1)",-1
6,"(57, 2)",-1
6,"(57, 3)",-1
6,"(57, 7)",-1
6,"(57, 8)",-1
6,"(57, 14)",-1
6,"(57, 15)",-1
6,"(57, 17)",-1
6,"(57, 18)",-1
6,"(57, 21)",-1
6,"(57, 25)",-1
6,"(57, 26)",-1
6,"(57, 27)",-1
6,"(57, 29)",-1
6,"(57, 32)",-1
6,"(57, 34)",-1
6,"(57, 35)",-1
6,"(57, 36)",-1
6,"(57, 38)",-1
6,"(57, 39)",-1
6,"(57, 40)",-1
6,"(57, 41)",-1
6,"(57, 42)",-1
6,"(57, 43)",-1
6,"(57, 46)",-1
6,"(57, 47)",-1
6,"(57, 50)",-1
6,"(57, 51)",-1
6,"(57, 52)",-1
6,"(57, 54)",-1
6,"(57, 59)",-1
6,"(57, 61)",-1
6,"(57, 63)",-1
6,"(57, 66)",-1
6,"(57, 67)",-1
6,"(57, 68)",-1
6,"(57, 69)",-1
6,"(57, 71)",-1
6,"(57, 73)",-1
6,"(57, 75)",-1
6,"(57, 77)",-1
6,"(57, 79)",-1
6,"(57, 80)",-1
6,"(57, 81)",-1
6,"(57, 82)",-1
6,"(57, 83)",-1
6,"(57, 84)",-1
6,"(57, 86)",-1
6,"(57, 88)",-1
6,"(57, 89)",-1
6,"(57, 90)",-1
6,"(57, 91)",-1
6,"(57, 92)",-1
6,"(57, 95)",-1
6,"(57, 99)",-1
6,"(58, 1)",-1
6,"(58, 4)",-1
6,"(58, 5)",-1
6,"(58, 7)",-1
6,"(58, 10)",-1
6,"(58, 11)",-1
6,"(58, 12)",-1
6,"(58, 14)",-1
6,"(58, 16)",-1
6,"(58, 20)",-1
6,"(58, 22)",-1
6,"(58, 23)",-1
6,"(58, 24)",-1
6,"(58, 25)",-1
6,"(58, 26)",-1
6,"(58, 31)",-1
6,"(58, 32)",-1
6,"(58, 33)",-1
6,"(58, 38)",-1
6,"(58, 41)",-1
6,"(58, 43)",-1
6,"(58, 44)",-1
6,"(58, 45)",-1
6,"(58, 46)",-1
6,"(58, 47)",-1
6,"(58, 51)",-1
6,"(58, 54)",-1
6,"(58, 61)",-1
6,"(58, 63)",-1
6,"(58, 64)",-1
6,"(58, 65)",-1
6,"(58, 68)",-1
6,"(58, 74)",-1
6,"(58, 78)",-1
6,"(58, 88)",-1
6,"(58, 95)",-1
6,"(58, 97)",-1
6,"(59, 0)",-1
6,"(59, 2)",-1
6,"(59, 10)",-1
6,"(59, 11)",-1
6,"(59, 13)",-1
6,"(59, 15)",-1
6,"(59, 17)",-1
6,"(59, 21)",-1
6,"(59, 24)",-1
6,"(59, 30)",-1
6,"(59, 31)",-1
6,"(59, 32)",-1
6,"(59, 33)",-1
6,"(59, 35)",-1
6,"(59, 36)",-1
6,"(59, 37)",-1
6,"(59, 39)",-1
6,"(59, 40)",-1
6,"(59, 42)",-1
6,"(59, 44)",-1
6,"(59, 45)",-1
6,"(59, 47)",-1
6,"(59, 49)",-1
6,"(59, 55)",-1
6,"(59, 57)",-1
6,"(59, 58)",-1
6,"(59, 59)",-1
6,"(59, 63)",-1
6,"(59, 68)",-1
6,"(59, 71)",-1
6,"(59, 76)",-1
6,"(59, 77)",-1
6,"(59, 78)",-1
6,"(59, 79)",-1
6,"(59, 80)",-1
6,"(59, 81)",-1
6,"(59, 82)",-1
6,"(59, 83)",-1
6,"(59, 84)",-1
6,"(59, 86)",-1
6,"(59, 88)",-1
6,"(59, 90)",-1
6,"(59, 92)",-1
6,"(59, 94)",-1
6,"(59, 95)",-1
6,"(59, 96)",-1
6,"(59, 99)",-1
6,"(60, 0)",-1
6,"(60, 2)",-1
6,"(60, 4)",-1
6,"(60, 5)",-1
6,"(60, 6)",-1
6,"(60, 7)",-1
6,"(60, 8)",-1
6,"(60, 9)",-1
6,"(60, 11)",-1
6,"(60, 12)",-1
6,"(60, 15)",-1
6,"(60, 16)",-1
6,"(60, 18)",-1
6,"(60, 19)",-1
6,"(60, 20)",-1
6,"(60, 28)",-1
6,"(60, 29)",-1
6,"(60, 31)",-1
6,"(60, 32)",-1
6,"(60, 33)",-1
6,"(60, 34)",-1
6,"(60, 37)",-1
6,"(60, 38)",-1
6,"(60, 39)",-1
6,"(60, 40)",-1
6,"(60, 41)",-1
6,"(60, 42)",-1
6,"(60, 43)",-1
6,"(60, 44)",-1
6,"(60, 48)",-1
6,"(60, 50)",-1
6,"(60, 51)",-1
6,"(60, 53)",-1
6,"(60, 54)",-1
6,"(60, 57)",-1
6,"(60, 58)",-1
6,"(60, 59)",-1
6,"(60, 60)",-1
6,"(60, 64)",-1
6,"(60, 65)",-1
6,"(60, 66)",-1
6,"(60, 67)",-1
6,"(60, 69)",-1
6,"(60, 71)",-1
6,"(60, 72)",-1
6,"(60, 83)",-1
6,"(60, 86)",-1
6,"(60, 88)",-1
6,"(60, 89)",-1
6,"(60, 90)",-1
6,"(60, 93)",-1
6,"(60, 99)",-1
6,"(61, 0)",-1
6,"(61, 3)",-1
6,"(61, 6)",-1
6,"(61, 7)",-1
6,"(61, 8)",-1
6,"(61, 10)",-1
6,"(61, 11)",-1
6,"(61, 12)",-1
6,"(61, 19)",-1
6,"(61, 20)",-1
6,"(61, 22)",-1
6,"(61, 24)",-1
6,"(61, 26)",-1
6,"(61, 27)",-1
6,"(61, 29)",-1
6,"(61, 30)",-1
6,"(61, 33)",-1
6,"(61, 36)",-1
6,"(61, 38)",-1
6,"(61, 43)",-1
6,"(61, 44)",-1
6,"(61, 45)",-1
6,"(61, 50)",-1
6,"(61, 51)",-1
6,"(61, 54)",-1
6,"(61, 59)",-1
6,"(61, 60)",-1
6,"(61, 61)",-1
6,"(61, 66)",-1
6,"(61, 69)",-1
6,"(61, 71)",-1
6,"(61, 72)",-1
6,"(61, 73)",-1
6,"(61, 80)",-1
6,"(61, 81)",-1
6,"(61, 83)",-1
6,"(61, 92)",-1
6,"(61, 95)",-1
6,"(62, 0)",-1
6,"(62, 3)",-1
6,"(62, 5)",-1
6,"(62, 10)",-1
6,"(62, 11)",-1
6,"(62, 12)",-1
6,"(62, 16)",-1
6,"(62, 26)",-1
6,"(62, 28)",-1
6,"(62, 30)",-1
6,"(62, 31)",-1
6,"(62, 33)",-1
6,"(62, 35)",-1
6,"(62, 40)",-1
6,"(62, 42)",-1
6,"(62, 44)",-1
6,"(62, 45)",-1
6,"(62, 46)",-1
6,"(62, 47)",-1
6,"(62, 52)",-1
6,"(62, 53)",-1
6,"(62, 54)",-1
6,"(62, 55)",-1
6,"(62, 56)",-1
6,"(62, 58)",-1
6,"(62, 59)",-1
6,"(62, 60)",-1
6,"(62, 68)",-1
6,"(62, 74)",-1
6,"(62, 75)",-1
6,"(62, 78)",-1
6,"(62, 79)",-1
6,"(62, 80)",-1
6,"(62, 81)",-1
6,"(62, 88)",-1
6,"(62, 90)",-1
6,"(62, 91)",-1
6,"(62, 93)",-1
6,"(62, 94)",-1
6,"(62, 95)",-1
6,"(62, 97)",-1
6,"(62, 99)",-1
6,"(63, 1)",-1
6,"(63, 10)",-1
6,"(63, 13)",-1
6,"(63, 14)",-1
6,"(63, 20)",-1
6,"(63, 25)",-1
6,"(63, 27)",-1
6,"(63, 29)",-1
6,"(63, 30)",-1
6,"(63, 32)",-1
6,"(63, 33)",-1
6,"(63, 37)",-1
6,"(63, 42)",-1
6,"(63, 44)",-1
6,"(63, 46)",-1
6,"(63, 49)",-1
6,"(63, 50)",-1
6,"(63, 52)",-1
6,"(63, 54)",-1
6,"(63, 55)",-1
6,"(63, 57)",-1
6,"(63, 58)",-1
6,"(63, 62)",-1
6,"(63, 64)",-1
6,"(63, 68)",-1
6,"(63, 69)",-1
6,"(63, 71)",-1
6,"(63, 77)",-1
6,"(63, 78)",-1
6,"(63, 79)",-1
6,"(63, 82)",-1
6,"(63, 83)",-1
6,"(63, 84)",-1
6,"(63, 85)",-1
6,"(63, 87)",-1
6,"(63, 88)",-1
6,"(63, 90)",-1
6,"(63, 92)",-1
6,"(63, 94)",-1
6,"(63, 95)",-1
6,"(64, 1)",-1
6,"(64, 4)",-1
6,"(64, 6)",-1
6,"(64, 7)",-1
6,"(64, 8)",-1
6,"(64, 11)",-1
6,"(64, 13)",-1
6,"(64, 14)",-1
6,"(64, 19)",-1
6,"(64, 20)",-1
6,"(64, 21)",-1
6,"(64, 27)",-1
6,"(64, 28)",-1
6,"(64, 29)",-1
6,"(64, 34)",-1
6,"(64, 36)",-1
6,"(64, 37)",-1
6,"(64, 39)",-1
6,"(64, 44)",-1
6,"(64, 46)",-1
6,"(64, 52)",-1
6,"(64, 53)",-1
6,"(64, 54)",-1
6,"(64, 59)",-1
6,"(64, 61)",-1
6,"(64, 62)",-1
6,"(64, 66)",-1
6,"(64, 67)",-1
6,"(64, 71)",-1
6,"(64, 73)",-1
6,"(64, 76)",-1
6,"(64, 78)",-1
6,"(64, 80)",-1
6,"(64, 85)",-1
6,"(64, 86)",-1
6,"(64, 87)",-1
6,"(64, 88)",-1
6,"(64, 91)",-1
6,"(64, 92)",-1
6,"(64, 93)",-1
6,"(64, 94)",-1
6,"(64, 96)",-1
6,"(64, 98)",-1
6,"(64, 99)",-1
6,"(65, 3)",-1
6,"(65, 8)",-1
6,"(65, 10)",-1
6,"(65, 12)",-1
6,"(65, 14)",-1
6,"(65, 16)",-1
6,"(65, 17)",-1
6,"(65, 19)",-1
6,"(65, 20)",-1
6,"(65, 21)",-1
6,"(65, 25)",-1
6,"(65, 27)",-1
6,"(65, 31)",-1
6,"(65, 33)",-1
6,"(65, 36)",-1
6,"(65, 38)",-1
6,"(65, 40)",-1
6,"(65, 42)",-1
6,"(65, 43)",-1
6,"(65, 47)",-1
6,"(65, 49)",-1
6,"(65, 54)",-1
6,"(65, 55)",-1
6,"(65, 56)",-1
6,"(65, 57)",-1
6,"(65, 58)",-1
6,"(65, 61)",-1
6,"(65, 62)",-1
6,"(65, 63)",-1
6,"(65, 64)",-1
6,"(65, 68)",-1
6,"(65, 69)",-1
6,"(65, 72)",-1
6,"(65, 74)",-1
6,"(65, 78)",-1
6,"(65, 79)",-1
6,"(65, 80)",-1
6,"(65, 82)",-1
6,"(65, 84)",-1
6,"(65, 86)",-1
6,"(65, 87)",-1
6,"(65, 89)",-1
6,"(65, 90)",-1
6,"(66, 1)",-1
6,"(66, 4)",-1
6,"(66, 5)",-1
6,"(66, 6)",-1
6,"(66, 9)",-1
6,"(66, 11)",-1
6,"(66, 12)",-1
6,"(66, 15)",-1
6,"(66, 17)",-1
6,"(66, 19)",-1
6,"(66, 23)",-1
6,"(66, 24)",-1
6,"(66, 25)",-1
6,"(66, 28)",-1
6,"(66, 30)",-1
6,"(66, 35)",-1
6,"(66, 39)",-1
6,"(66, 40)",-1
6,"(66, 47)",-1
6,"(66, 48)",-1
6,"(66, 49)",-1
6,"(66, 52)",-1
6,"(66, 56)",-1
6,"(66, 58)",-1
6,"(66, 59)",-1
6,"(66, 62)",-1
6,"(66, 68)",-1
6,"(66, 69)",-1
6,"(66, 70)",-1
6,"(66, 71)",-1
6,"(66, 74)",-1
6,"(66, 75)",-1
6,"(66, 80)",-1
6,"(66, 81)",-1
6,"(66, 82)",-1
6,"(66, 83)",-1
6,"(66, 84)",-1
6,"(66, 86)",-1
6,"(66, 87)",-1
6,"(66, 94)",-1
6,"(66, 95)",-1
6,"(66, 98)",-1
6,"(66, 99)",-1
6,"(67, 0)",-1
6,"(67, 1)",-1
6,"(67, 3)",-1
6,"(67, 4)",-1
6,"(67, 9)",-1
6,"(67, 13)",-1
6,"(67, 15)",-1
6,"(67, 17)",-1
6,"(67, 19)",-1
6,"(67, 24)",-1
6,"(67, 25)",-1
6,"(67, 26)",-1
6,"(67, 28)",-1
6,"(67, 31)",-1
6,"(67, 32)",-1
6,"(67, 36)",-1
6,"(67, 37)",-1
6,"(67, 39)",-1
6,"(67, 41)",-1
6,"(67, 42)",-1
6,"(67, 43)",-1
6,"(67, 45)",-1
6,"(67, 46)",-1
6,"(67, 47)",-1
6,"(67, 50)",-1
6,"(67, 52)",-1
6,"(67, 53)",-1
6,"(67, 54)",-1
6,"(67, 57)",-1
6,"(67, 60)",-1
6,"(67, 61)",-1
6,"(67, 63)",-1
6,"(67, 66)",-1
6,"(67, 70)",-1
6,"(67, 72)",-1
6,"(67, 73)",-1
6,"(67, 77)",-1
6,"(67, 78)",-1
6,"(67, 82)",-1
6,"(67, 83)",-1
6,"(67, 84)",-1
6,"(67, 85)",-1
6,"(67, 87)",-1
6,"(67, 88)",-1
6,"(67, 89)",-1
6,"(67, 90)",-1
6,"(67, 96)",-1
6,"(67, 98)",-1
6,"(67, 99)",-1
6,"(68, 0)",-1
6,"(68, 5)",-1
6,"(68, 13)",-1
6,"(68, 16)",-1
6,"(68, 19)",-1
6,"(68, 20)",-1
6,"(68, 24)",-1
6,"(68, 28)",-1
6,"(68, 30)",-1
6,"(68, 32)",-1
6,"(68, 33)",-1
6,"(68, 37)",-1
6,"(68, 38)",-1
6,"(68, 41)",-1
6,"(68, 45)",-1
6,"(68, 48)",-1
6,"(68, 49)",-1
6,"(68, 50)",-1
6,"(68, 54)",-1
6,"(68, 55)",-1
6,"(68, 58)",-1
6,"(68, 59)",-1
6,"(68, 60)",-1
6,"(68, 63)",-1
6,"(68, 64)",-1
6,"(68, 66)",-1
6,"(68, 67)",-1
6,"(68, 69)",-1
6,"(68, 70)",-1
6,"(68, 74)",-1
6,"(68, 75)",-1
6,"(68, 76)",-1
6,"(68, 80)",-1
6,"(68, 81)",-1
6,"(68, 86)",-1
6,"(68, 90)",-1
6,"(68, 92)",-1
6,"(68, 93)",-1
6,"(68, 97)",-1
6,"(68, 98)",-1
6,"(68, 99)",-1
6,"(69, 0)",-1
6,"(69, 5)",-1
6,"(69, 7)",-1
6,"(69, 9)",-1
6,"(69, 10)",-1
6,"(69, 11)",-1
6,"(69, 12)",-1
6,"(69, 14)",-1
6,"(69, 15)",-1
6,"(69, 19)",-1
6,"(69, 21)",-1
6,"(69, 24)",-1
6,"(69, 29)",-1
6,"(69, 30)",-1
6,"(69, 31)",-1
6,"(69, 32)",-1
6,"(69, 36)",-1
6,"(69, 37)",-1
6,"(69, 38)",-1
6,"(69, 42)",-1
6,"(69, 45)",-1
6,"(69, 51)",-1
6,"(69, 52)",-1
6,"(69, 53)",-1
6,"(69, 54)",-1
6,"(69, 56)",-1
6,"(69, 57)",-1
6,"(69, 59)",-1
6,"(69, 62)",-1
6,"(69, 64)",-1
6,"(69, 68)",-1
6,"(69, 73)",-1
6,"(69, 74)",-1
6,"(69, 79)",-1
6,"(69, 82)",-1
6,"(69, 83)",-1
6,"(69, 86)",-1
6,"(69, 87)",-1
6,"(69, 89)",-1
6,"(69, 92)",-1
6,"(69, 93)",-1
6,"(69, 95)",-1
6,"(69, 98)",-1
6,"(70, 2)",-1
6,"(70, 3)",-1
6,"(70, 9)",-1
6,"(70, 11)",-1
6,"(70, 12)",-1
6,"(70, 14)",-1
6,"(70, 15)",-1
6,"(70, 16)",-1
6,"(70, 17)",-1
6,"(70, 20)",-1
6,"(70, 22)",-1
6,"(70, 27)",-1
6,"(70, 28)",-1
6,"(70, 29)",-1
6,"(70, 31)",-1
6,"(70, 32)",-1
6,"(70, 38)",-1
6,"(70, 39)",-1
6,"(70, 40)",-1
6,"(70, 45)",-1
6,"(70, 52)",-1
6,"(70, 53)",-1
6,"(70, 54)",-1
6,"(70, 56)",-1
6,"(70, 57)",-1
6,"(70, 58)",-1
6,"(70, 59)",-1
6,"(70, 60)",-1
6,"(70, 62)",-1
6,"(70, 66)",-1
6,"(70, 75)",-1
6,"(70, 78)",-1
6,"(70, 79)",-1
6,"(70, 84)",-1
6,"(70, 86)",-1
6,"(70, 87)",-1
6,"(70, 88)",-1
6,"(70, 94)",-1
6,"(70, 95)",-1
6,"(70, 97)",-1
6,"(70, 98)",-1
6,"(71, 0)",-1
6,"(71, 1)",-1
6,"(71, 4)",-1
6,"(71, 6)",-1
6,"(71, 7)",-1
6,"(71, 9)",-1
6,"(71, 12)",-1
6,"(71, 14)",-1
6,"(71, 22)",-1
6,"(71, 24)",-1
6,"(71, 26)",-1
6,"(71, 30)",-1
6,"(71, 31)",-1
6,"(71, 32)",-1
6,"(71, 35)",-1
6,"(71, 36)",-1
6,"(71, 37)",-1
6,"(71, 38)",-1
6,"(71, 43)",-1
6,"(71, 44)",-1
6,"(71, 45)",-1
6,"(71, 47)",-1
6,"(71, 49)",-1
6,"(71, 52)",-1
6,"(71, 53)",-1
6,"(71, 54)",-1
6,"(71, 56)",-1
6,"(71, 58)",-1
6,"(71, 61)",-1
6,"(71, 64)",-1
6,"(71, 67)",-1
6,"(71, 69)",-1
6,"(71, 74)",-1
6,"(71, 75)",-1
6,"(71, 86)",-1
6,"(71, 87)",-1
6,"(71, 89)",-1
6,"(71, 90)",-1
6,"(71, 91)",-1
6,"(71, 92)",-1
6,"(71, 93)",-1
6,"(71, 97)",-1
6,"(72, 5)",-1
6,"(72, 7)",-1
6,"(72, 14)",-1
6,"(72, 15)",-1
6,"(72, 16)",-1
6,"(72, 17)",-1
6,"(72, 22)",-1
6,"(72, 25)",-1
6,"(72, 31)",-1
6,"(72, 33)",-1
6,"(72, 34)",-1
6,"(72, 38)",-1
6,"(72, 39)",-1
6,"(72, 40)",-1
6,"(72, 42)",-1
6,"(72, 43)",-1
6,"(72, 44)",-1
6,"(72, 47)",-1
6,"(72, 48)",-1
6,"(72, 50)",-1
6,"(72, 51)",-1
6,"(72, 52)",-1
6,"(72, 53)",-1
6,"(72, 55)",-1
6,"(72, 57)",-1
6,"(72, 58)",-1
6,"(72, 61)",-1
6,"(72, 67)",-1
6,"(72, 68)",-1
6,"(72, 76)",-1
6,"(72, 78)",-1
6,"(72, 79)",-1
6,"(72, 81)",-1
6,"(72, 82)",-1
6,"(72, 83)",-1
6,"(72, 87)",-1
6,"(72, 90)",-1
6,"(72, 91)",-1
6,"(72, 95)",-1
6,"(72, 98)",-1
6,"(72, 99)",-1
6,"(73, 0)",-1
6,"(73, 1)",-1
6,"(73, 2)",-1
6,"(73, 3)",-1
6,"(73, 4)",-1
6,"(73, 5)",-1
6,"(73, 7)",-1
6,"(73, 10)",-1
6,"(73, 11)",-1
6,"(73, 13)",-1
6,"(73, 14)",-1
6,"(73, 15)",-1
6,"(73, 25)",-1
6,"(73, 27)",-1
6,"(73, 30)",-1
6,"(73, 33)",-1
6,"(73, 37)",-1
6,"(73, 42)",-1
6,"(73, 46)",-1
6,"(73, 47)",-1
6,"(73, 51)",-1
6,"(73, 53)",-1
6,"(73, 55)",-1
6,"(73, 58)",-1
6,"(73, 60)",-1
6,"(73, 63)",-1
6,"(73, 65)",-1
6,"(73, 67)",-1
6,"(73, 69)",-1
6,"(73, 70)",-1
6,"(73, 77)",-1
6,"(73, 78)",-1
6,"(73, 79)",-1
6,"(73, 81)",-1
6,"(73, 83)",-1
6,"(73, 85)",-1
6,"(73, 88)",-1
6,"(73, 89)",-1
6,"(73, 90)",-1
6,"(73, 91)",-1
6,"(73, 96)",-1
6,"(73, 97)",-1
6,"(73, 98)",-1
6,"(73, 99)",-1
6,"(74, 0)",-1
6,"(74, 4)",-1
6,"(74, 5)",-1
6,"(74, 9)",-1
6,"(74, 12)",-1
6,"(74, 15)",-1
6,"(74, 22)",-1
6,"(74, 23)",-1
6,"(74, 24)",-1
6,"(74, 26)",-1
6,"(74, 28)",-1
6,"(74, 29)",-1
6,"(74, 36)",-1
6,"(74, 38)",-1
6,"(74, 39)",-1
6,"(74, 41)",-1
6,"(74, 42)",-1
6,"(74, 43)",-1
6,"(74, 44)",-1
6,"(74, 52)",-1
6,"(74, 56)",-1
6,"(74, 57)",-1
6,"(74, 58)",-1
6,"(74, 59)",-1
6,"(74, 61)",-1
6,"(74, 64)",-1
6,"(74, 68)",-1
6,"(74, 74)",-1
6,"(74, 75)",-1
6,"(74, 76)",-1
6,"(74, 77)",-1
6,"(74, 78)",-1
6,"(74, 79)",-1
6,"(74, 89)",-1
6,"(74, 90)",-1
6,"(74, 93)",-1
6,"(74, 94)",-1
6,"(75, 0)",-1
6,"(75, 1)",-1
6,"(75, 3)",-1
6,"(75, 4)",-1
6,"(75, 10)",-1
6,"(75, 14)",-1
6,"(75, 15)",-1
6,"(75, 16)",-1
6,"(75, 20)",-1
6,"(75, 23)",-1
6,"(75, 25)",-1
6,"(75, 29)",-1
6,"(75, 32)",-1
6,"(75, 35)",-1
6,"(75, 36)",-1
6,"(75, 38)",-1
6,"(75, 39)",-1
6,"(75, 40)",-1
6,"(75, 42)",-1
6,"(75, 43)",-1
6,"(75, 44)",-1
6,"(75, 47)",-1
6,"(75, 48)",-1
6,"(75, 49)",-1
6,"(75, 50)",-1
6,"(75, 51)",-1
6,"(75, 52)",-1
6,"(75, 55)",-1
6,"(75, 57)",-1
6,"(75, 58)",-1
6,"(75, 59)",-1
6,"(75, 61)",-1
6,"(75, 65)",-1
6,"(75, 71)",-1
6,"(75, 73)",-1
6,"(75, 80)",-1
6,"(75, 81)",-1
6,"(75, 84)",-1
6,"(75, 86)",-1
6,"(75, 87)",-1
6,"(75, 89)",-1
6,"(75, 90)",-1
6,"(75, 92)",-1
6,"(75, 94)",-1
6,"(75, 96)",-1
6,"(76, 3)",-1
6,"(76, 4)",-1
6,"(76, 10)",-1
6,"(76, 12)",-1
6,"(76, 13)",-1
6,"(76, 15)",-1
6,"(76, 16)",-1
6,"(76, 17)",-1
6,"(76, 18)",-1
6,"(76, 21)",-1
6,"(76, 22)",-1
6,"(76, 26)",-1
6,"(76, 27)",-1
6,"(76, 35)",-1
6,"(76, 37)",-1
6,"(76, 39)",-1
6,"(76, 43)",-1
6,"(76, 45)",-1
6,"(76, 47)",-1
6,"(76, 49)",-1
6,"(76, 50)",-1
6,"(76, 52)",-1
6,"(76, 58)",-1
6,"(76, 62)",-1
6,"(76, 65)",-1
6,"(76, 69)",-1
6,"(76, 76)",-1
6,"(76, 79)",-1
6,"(76, 87)",-1
6,"(76, 96)",-1
6,"(76, 97)",-1
6,"(76, 99)",-1
6,"(77, 3)",-1
6,"(77, 7)",-1
6,"(77, 14)",-1
6,"(77, 16)",-1
6,"(77, 17)",-1
6,"(77, 18)",-1
6,"(77, 19)",-1
6,"(77, 20)",-1
6,"(77, 24)",-1
6,"(77, 25)",-1
6,"(77, 26)",-1
6,"(77, 28)",-1
6,"(77, 29)",-1
6,"(77, 31)",-1
6,"(77, 32)",-1
6,"(77, 34)",-1
6,"(77, 40)",-1
6,"(77, 41)",-1
6,"(77, 47)",-1
6,"(77, 51)",-1
6,"(77, 53)",-1
6,"(77, 54)",-1
6,"(77, 55)",-1
6,"(77, 56)",-1
6,"(77, 58)",-1
6,"(77, 59)",-1
6,"(77, 61)",-1
6,"(77, 62)",-1
6,"(77, 67)",-1
6,"(77, 68)",-1
6,"(77, 69)",-1
6,"(77, 70)",-1
6,"(77, 74)",-1
6,"(77, 76)",-1
6,"(77, 77)",-1
6,"(77, 78)",-1
6,"(77, 80)",-1
6,"(77, 81)",-1
6,"(77, 83)",-1
6,"(77, 85)",-1
6,"(77, 86)",-1
6,"(77, 87)",-1
6,"(77, 88)",-1
6,"(77, 90)",-1
6,"(77, 91)",-1
6,"(77, 95)",-1
6,"(77, 96)",-1
6,"(77, 97)",-1
6,"(77, 98)",-1
6,"(78, 0)",-1
6,"(78, 1)",-1
6,"(78, 10)",-1
6,"(78, 15)",-1
6,"(78, 19)",-1
6,"(78, 20)",-1
6,"(78, 28)",-1
6,"(78, 31)",-1
6,"(78, 32)",-1
6,"(78, 36)",-1
6,"(78, 37)",-1
6,"(78, 41)",-1
6,"(78, 44)",-1
6,"(78, 50)",-1
6,"(78, 52)",-1
6,"(78, 53)",-1
6,"(78, 56)",-1
6,"(78, 57)",-1
6,"(78, 60)",-1
6,"(78, 61)",-1
6,"(78, 64)",-1
6,"(78, 65)",-1
6,"(78, 69)",-1
6,"(78, 70)",-1
6,"(78, 75)",-1
6,"(78, 78)",-1
6,"(78, 79)",-1
6,"(78, 80)",-1
6,"(78, 81)",-1
6,"(78, 82)",-1
6,"(78, 84)",-1
6,"(78, 85)",-1
6,"(78, 86)",-1
6,"(78, 87)",-1
6,"(78, 91)",-1
6,"(78, 97)",-1
6,"(78, 99)",-1
6,"(79, 0)",-1
6,"(79, 4)",-1
6,"(79, 6)",-1
6,"(79, 7)",-1
6,"(79, 8)",-1
6,"(79, 10)",-1
6,"(79, 11)",-1
6,"(79, 12)",-1
6,"(79, 17)",-1
6,"(79, 21)",-1
6,"(79, 22)",-1
6,"(79, 27)",-1
6,"(79, 31)",-1
6,"(79, 32)",-1
6,"(79, 36)",-1
6,"(79, 38)",-1
6,"(79, 43)",-1
6,"(79, 48)",-1
6,"(79, 50)",-1
6,"(79, 51)",-1
6,"(79, 52)",-1
6,"(79, 54)",-1
6,"(79, 58)",-1
6,"(79, 60)",-1
6,"(79, 61)",-1
6,"(79, 62)",-1
6,"(79, 63)",-1
6,"(79, 67)",-1
6,"(79, 68)",-1
6,"(79, 70)",-1
6,"(79, 71)",-1
6,"(79, 74)",-1
6,"(79, 75)",-1
6,"(79, 76)",-1
6,"(79, 79)",-1
6,"(79, 80)",-1
6,"(79, 83)",-1
6,"(79, 84)",-1
6,"(79, 87)",-1
6,"(79, 88)",-1
6,"(79, 91)",-1
6,"(79, 94)",-1
6,"(79, 95)",-1
6,"(79, 97)",-1
6,"(80, 0)",-1
6,"(80, 1)",-1
6,"(80, 2)",-1
6,"(80, 3)",-1
6,"(80, 4)",-1
6,"(80, 6)",-1
6,"(80, 10)",-1
6,"(80, 14)",-1
6,"(80, 15)",-1
6,"(80, 17)",-1
6,"(80, 24)",-1
6,"(80, 25)",-1
6,"(80, 26)",-1
6,"(80, 27)",-1
6,"(80, 30)",-1
6,"(80, 31)",-1
6,"(80, 34)",-1
6,"(80, 37)",-1
6,"(80, 38)",-1
6,"(80, 40)",-1
6,"(80, 44)",-1
6,"(80, 45)",-1
6,"(80, 46)",-1
6,"(80, 47)",-1
6,"(80, 50)",-1
6,"(80, 51)",-1
6,"(80, 53)",-1
6,"(80, 56)",-1
6,"(80, 57)",-1
6,"(80, 63)",-1
6,"(80, 65)",-1
6,"(80, 66)",-1
6,"(80, 68)",-1
6,"(80, 71)",-1
6,"(80, 72)",-1
6,"(80, 73)",-1
6,"(80, 74)",-1
6,"(80, 75)",-1
6,"(80, 79)",-1
6,"(80, 80)",-1
6,"(80, 81)",-1
6,"(80, 85)",-1
6,"(80, 86)",-1
6,"(80, 87)",-1
6,"(80, 88)",-1
6,"(80, 93)",-1
6,"(80, 95)",-1
6,"(80, 99)",-1
6,"(81, 4)",-1
6,"(81, 9)",-1
6,"(81, 12)",-1
6,"(81, 14)",-1
6,"(81, 20)",-1
6,"(81, 22)",-1
6,"(81, 23)",-1
6,"(81, 24)",-1
6,"(81, 26)",-1
6,"(81, 28)",-1
6,"(81, 29)",-1
6,"(81, 30)",-1
6,"(81, 31)",-1
6,"(81, 32)",-1
6,"(81, 34)",-1
6,"(81, 35)",-1
6,"(81, 36)",-1
6,"(81, 40)",-1
6,"(81, 41)",-1
6,"(81, 45)",-1
6,"(81, 46)",-1
6,"(81, 48)",-1
6,"(81, 49)",-1
6,"(81, 54)",-1
6,"(81, 56)",-1
6,"(81, 57)",-1
6,"(81, 59)",-1
6,"(81, 61)",-1
6,"(81, 62)",-1
6,"(81, 64)",-1
6,"(81, 67)",-1
6,"(81, 71)",-1
6,"(81, 72)",-1
6,"(81, 73)",-1
6,"(81, 74)",-1
6,"(81, 76)",-1
6,"(81, 77)",-1
6,"(81, 78)",-1
6,"(81, 84)",-1
6,"(81, 88)",-1
6,"(81, 94)",-1
6,"(81, 95)",-1
6,"(81, 97)",-1
6,"(81, 98)",-1
6,"(82, 3)",-1
6,"(82, 15)",-1
6,"(82, 16)",-1
6,"(82, 17)",-1
6,"(82, 21)",-1
6,"(82, 24)",-1
6,"(82, 33)",-1
6,"(82, 35)",-1
6,"(82, 37)",-1
6,"(82, 38)",-1
6,"(82, 40)",-1
6,"(82, 43)",-1
6,"(82, 45)",-1
6,"(82, 46)",-1
6,"(82, 52)",-1
6,"(82, 53)",-1
6,"(82, 58)",-1
6,"(82, 59)",-1
6,"(82, 65)",-1
6,"(82, 66)",-1
6,"(82, 67)",-1
6,"(82, 68)",-1
6,"(82, 69)",-1
6,"(82, 74)",-1
6,"(82, 75)",-1
6,"(82, 76)",-1
6,"(82, 79)",-1
6,"(82, 81)",-1
6,"(82, 83)",-1
6,"(82, 84)",-1
6,"(82, 85)",-1
6,"(82, 86)",-1
6,"(82, 88)",-1
6,"(82, 89)",-1
6,"(82, 93)",-1
6,"(82, 97)",-1
6,"(82, 98)",-1
6,"(82, 99)",-1
6,"(83, 0)",-1
6,"(83, 3)",-1
6,"(83, 7)",-1
6,"(83, 9)",-1
6,"(83, 14)",-1
6,"(83, 16)",-1
6,"(83, 27)",-1
6,"(83, 29)",-1
6,"(83, 32)",-1
6,"(83, 35)",-1
6,"(83, 37)",-1
6,"(83, 40)",-1
6,"(83, 42)",-1
6,"(83, 45)",-1
6,"(83, 56)",-1
6,"(83, 59)",-1
6,"(83, 61)",-1
6,"(83, 62)",-1
6,"(83, 64)",-1
6,"(83, 71)",-1
6,"(83, 73)",-1
6,"(83, 77)",-1
6,"(83, 78)",-1
6,"(83, 79)",-1
6,"(83, 81)",-1
6,"(83, 86)",-1
6,"(83, 88)",-1
6,"(83, 90)",-1
6,"(83, 95)",-1
6,"(83, 96)",-1
6,"(83, 97)",-1
6,"(84, 0)",-1
6,"(84, 5)",-1
6,"(84, 11)",-1
6,"(84, 14)",-1
6,"(84, 16)",-1
6,"(84, 20)",-1
6,"(84, 23)",-1
6,"(84, 25)",-1
6,"(84, 28)",-1
6,"(84, 29)",-1
6,"(84, 34)",-1
6,"(84, 38)",-1
6,"(84, 42)",-1
6,"(84, 47)",-1
6,"(84, 48)",-1
6,"(84, 54)",-1
6,"(84, 59)",-1
6,"(84, 62)",-1
6,"(84, 63)",-1
6,"(84, 64)",-1
6,"(84, 66)",-1
6,"(84, 68)",-1
6,"(84, 69)",-1
6,"(84, 70)",-1
6,"(84, 71)",-1
6,"(84, 73)",-1
6,"(84, 78)",-1
6,"(84, 79)",-1
6,"(84, 82)",-1
6,"(84, 85)",-1
6,"(84, 87)",-1
6,"(84, 89)",-1
6,"(84, 95)",-1
6,"(84, 96)",-1
6,"(85, 2)",-1
6,"(85, 3)",-1
6,"(85, 4)",-1
6,"(85, 6)",-1
6,"(85, 10)",-1
6,"(85, 15)",-1
6,"(85, 20)",-1
6,"(85, 22)",-1
6,"(85, 26)",-1
6,"(85, 28)",-1
6,"(85, 29)",-1
6,"(85, 30)",-1
6,"(85, 34)",-1
6,"(85, 36)",-1
6,"(85, 39)",-1
6,"(85, 41)",-1
6,"(85, 46)",-1
6,"(85, 49)",-1
6,"(85, 51)",-1
6,"(85, 52)",-1
6,"(85, 54)",-1
6,"(85, 55)",-1
6,"(85, 56)",-1
6,"(85, 58)",-1
6,"(85, 62)",-1
6,"(85, 65)",-1
6,"(85, 67)",-1
6,"(85, 71)",-1
6,"(85, 73)",-1
6,"(85, 74)",-1
6,"(85, 79)",-1
6,"(85, 80)",-1
6,"(85, 81)",-1
6,"(85, 82)",-1
6,"(85, 85)",-1
6,"(85, 86)",-1
6,"(85, 91)",-1
6,"(85, 92)",-1
6,"(85, 93)",-1
6,"(85, 98)",-1
6,"(86, 1)",-1
6,"(86, 7)",-1
6,"(86, 8)",-1
6,"(86, 9)",-1
6,"(86, 11)",-1
6,"(86, 16)",-1
6,"(86, 18)",-1
6,"(86, 19)",-1
6,"(86, 22)",-1
6,"(86, 26)",-1
6,"(86, 27)",-1
6,"(86, 29)",-1
6,"(86, 30)",-1
6,"(86, 32)",-1
6,"(86, 34)",-1
6,"(86, 35)",-1
6,"(86, 37)",-1
6,"(86, 39)",-1
6,"(86, 40)",-1
6,"(86, 41)",-1
6,"(86, 44)",-1
6,"(86, 46)",-1
6,"(86, 48)",-1
6,"(86, 49)",-1
6,"(86, 50)",-1
6,"(86, 51)",-1
6,"(86, 54)",-1
6,"(86, 56)",-1
6,"(86, 63)",-1
6,"(86, 64)",-1
6,"(86, 65)",-1
6,"(86, 67)",-1
6,"(86, 70)",-1
6,"(86, 71)",-1
6,"(86, 72)",-1
6,"(86, 74)",-1
6,"(86, 76)",-1
6,"(86, 77)",-1
6,"(86, 79)",-1
6,"(86, 80)",-1
6,"(86, 83)",-1
6,"(86, 88)",-1
6,"(86, 89)",-1
6,"(86, 90)",-1
6,"(86, 91)",-1
6,"(86, 93)",-1
6,"(86, 94)",-1
6,"(86, 95)",-1
6,"(86, 96)",-1
6,"(86, 98)",-1
6,"(86, 99)",-1
6,"(87, 0)",-1
6,"(87, 3)",-1
6,"(87, 5)",-1
6,"(87, 6)",-1
6,"(87, 8)",-1
6,"(87, 9)",-1
6,"(87, 10)",-1
6,"(87, 11)",-1
6,"(87, 12)",-1
6,"(87, 15)",-1
6,"(87, 16)",-1
6,"(87, 20)",-1
6,"(87, 26)",-1
6,"(87, 28)",-1
6,"(87, 30)",-1
6,"(87, 31)",-1
6,"(87, 32)",-1
6,"(87, 33)",-1
6,"(87, 36)",-1
6,"(87, 37)",-1
6,"(87, 38)",-1
6,"(87, 41)",-1
6,"(87, 46)",-1
6,"(87, 47)",-1
6,"(87, 49)",-1
6,"(87, 52)",-1
6,"(87, 53)",-1
6,"(87, 54)",-1
6,"(87, 60)",-1
6,"(87, 64)",-1
6,"(87, 65)",-1
6,"(87, 67)",-1
6,"(87, 70)",-1
6,"(87, 71)",-1
6,"(87, 72)",-1
6,"(87, 77)",-1
6,"(87, 78)",-1
6,"(87, 79)",-1
6,"(87, 80)",-1
6,"(87, 81)",-1
6,"(87, 83)",-1
6,"(87, 86)",-1
6,"(87, 89)",-1
6,"(87, 91)",-1
6,"(87, 92)",-1
6,"(87, 94)",-1
6,"(87, 96)",-1
6,"(87, 99)",-1
6,"(88, 0)",-1
6,"(88, 2)",-1
6,"(88, 3)",-1
6,"(88, 5)",-1
6,"(88, 7)",-1
6,"(88, 8)",-1
6,"(88, 11)",-1
6,"(88, 12)",-1
6,"(88, 14)",-1
6,"(88, 15)",-1
6,"(88, 19)",-1
6,"(88, 20)",-1
6,"(88, 21)",-1
6,"(88, 22)",-1
6,"(88, 25)",-1
6,"(88, 29)",-1
6,"(88, 30)",-1
6,"(88, 31)",-1
6,"(88, 32)",-1
6,"(88, 34)",-1
6,"(88, 40)",-1
6,"(88, 42)",-1
6,"(88, 43)",-1
6,"(88, 45)",-1
6,"(88, 48)",-1
6,"(88, 49)",-1
6,"(88, 53)",-1
6,"(88, 58)",-1
6,"(88, 60)",-1
6,"(88, 64)",-1
6,"(88, 66)",-1
6,"(88, 73)",-1
6,"(88, 76)",-1
6,"(88, 79)",-1
6,"(88, 81)",-1
6,"(88, 83)",-1
6,"(88, 84)",-1
6,"(88, 85)",-1
6,"(88, 88)",-1
6,"(88, 92)",-1
6,"(88, 96)",-1
6,"(88, 97)",-1
6,"(88, 98)",-1
6,"(89, 6)",-1
6,"(89, 7)",-1
6,"(89, 8)",-1
6,"(89, 11)",-1
6,"(89, 13)",-1
6,"(89, 14)",-1
6,"(89, 17)",-1
6,"(89, 19)",-1
6,"(89, 21)",-1
6,"(89, 22)",-1
6,"(89, 26)",-1
6,"(89, 30)",-1
6,"(89, 32)",-1
6,"(89, 34)",-1
6,"(89, 36)",-1
6,"(89, 38)",-1
6,"(89, 46)",-1
6,"(89, 47)",-1
6,"(89, 50)",-1
6,"(89, 52)",-1
6,"(89, 53)",-1
6,"(89, 54)",-1
6,"(89, 55)",-1
6,"(89, 56)",-1
6,"(89, 57)",-1
6,"(89, 59)",-1
6,"(89, 61)",-1
6,"(89, 63)",-1
6,"(89, 64)",-1
6,"(89, 68)",-1
6,"(89, 69)",-1
6,"(89, 71)",-1
6,"(89, 74)",-1
6,"(89, 77)",-1
6,"(89, 79)",-1
6,"(89, 82)",-1
6,"(89, 83)",-1
6,"(89, 84)",-1
6,"(89, 86)",-1
6,"(89, 88)",-1
6,"(89, 89)",-1
6,"(89, 90)",-1
6,"(89, 92)",-1
6,"(89, 94)",-1
6,"(89, 96)",-1
6,"(89, 99)",-1
6,"(90, 0)",-1
6,"(90, 2)",-1
6,"(90, 4)",-1
6,"(90, 6)",-1
6,"(90, 9)",-1
6,"(90, 11)",-1
6,"(90, 13)",-1
6,"(90, 14)",-1
6,"(90, 17)",-1
6,"(90, 20)",-1
6,"(90, 21)",-1
6,"(90, 22)",-1
6,"(90, 24)",-1
6,"(90, 26)",-1
6,"(90, 29)",-1
6,"(90, 30)",-1
6,"(90, 32)",-1
6,"(90, 37)",-1
6,"(90, 41)",-1
6,"(90, 42)",-1
6,"(90, 43)",-1
6,"(90, 46)",-1
6,"(90, 47)",-1
6,"(90, 49)",-1
6,"(90, 50)",-1
6,"(90, 51)",-1
6,"(90, 53)",-1
6,"(90, 57)",-1
6,"(90, 58)",-1
6,"(90, 60)",-1
6,"(90, 61)",-1
6,"(90, 62)",-1
6,"(90, 66)",-1
6,"(90, 68)",-1
6,"(90, 72)",-1
6,"(90, 73)",-1
6,"(90, 75)",-1
6,"(90, 77)",-1
6,"(90, 80)",-1
6,"(90, 83)",-1
6,"(90, 84)",-1
6,"(90, 85)",-1
6,"(90, 90)",-1
6,"(90, 96)",-1
6,"(90, 97)",-1
6,"(90, 98)",-1
6,"(90, 99)",-1
6,"(91, 1)",-1
6,"(91, 7)",-1
6,"(91, 8)",-1
6,"(91, 14)",-1
6,"(91, 23)",-1
6,"(91, 24)",-1
6,"(91, 30)",-1
6,"(91, 33)",-1
6,"(91, 35)",-1
6,"(91, 36)",-1
6,"(91, 37)",-1
6,"(91, 40)",-1
6,"(91, 41)",-1
6,"(91, 42)",-1
6,"(91, 53)",-1
6,"(91, 54)",-1
6,"(91, 55)",-1
6,"(91, 56)",-1
6,"(91, 57)",-1
6,"(91, 60)",-1
6,"(91, 62)",-1
6,"(91, 66)",-1
6,"(91, 67)",-1
6,"(91, 68)",-1
6,"(91, 69)",-1
6,"(91, 70)",-1
6,"(91, 73)",-1
6,"(91, 76)",-1
6,"(91, 78)",-1
6,"(91, 80)",-1
6,"(91, 81)",-1
6,"(91, 82)",-1
6,"(91, 85)",-1
6,"(91, 87)",-1
6,"(91, 88)",-1
6,"(91, 91)",-1
6,"(91, 92)",-1
6,"(91, 94)",-1
6,"(91, 98)",-1
6,"(92, 0)",-1
6,"(92, 2)",-1
6,"(92, 4)",-1
6,"(92, 8)",-1
6,"(92, 13)",-1
6,"(92, 14)",-1
6,"(92, 18)",-1
6,"(92, 19)",-1
6,"(92, 21)",-1
6,"(92, 22)",-1
6,"(92, 23)",-1
6,"(92, 33)",-1
6,"(92, 34)",-1
6,"(92, 37)",-1
6,"(92, 39)",-1
6,"(92, 40)",-1
6,"(92, 42)",-1
6,"(92, 44)",-1
6,"(92, 45)",-1
6,"(92, 49)",-1
6,"(92, 51)",-1
6,"(92, 53)",-1
6,"(92, 58)",-1
6,"(92, 62)",-1
6,"(92, 63)",-1
6,"(92, 66)",-1
6,"(92, 68)",-1
6,"(92, 70)",-1
6,"(92, 71)",-1
6,"(92, 72)",-1
6,"(92, 73)",-1
6,"(92, 74)",-1
6,"(92, 76)",-1
6,"(92, 77)",-1
6,"(92, 78)",-1
6,"(92, 90)",-1
6,"(92, 95)",-1
6,"(92, 96)",-1
6,"(92, 98)",-1
6,"(93, 0)",-1
6,"(93, 6)",-1
6,"(93, 7)",-1
6,"(93, 8)",-1
6,"(93, 9)",-1
6,"(93, 10)",-1
6,"(93, 11)",-1
6,"(93, 12)",-1
6,"(93, 15)",-1
6,"(93, 17)",-1
6,"(93, 24)",-1
6,"(93, 27)",-1
6,"(93, 30)",-1
6,"(93, 31)",-1
6,"(93, 33)",-1
6,"(93, 34)",-1
6,"(93, 37)",-1
6,"(93, 38)",-1
6,"(93, 40)",-1
6,"(93, 41)",-1
6,"(93, 42)",-1
6,"(93, 43)",-1
6,"(93, 45)",-1
6,"(93, 49)",-1
6,"(93, 51)",-1
6,"(93, 52)",-1
6,"(93, 55)",-1
6,"(93, 56)",-1
6,"(93, 59)",-1
6,"(93, 64)",-1
6,"(93, 65)",-1
6,"(93, 68)",-1
6,"(93, 69)",-1
6,"(93, 72)",-1
6,"(93, 78)",-1
6,"(93, 81)",-1
6,"(93, 85)",-1
6,"(93, 88)",-1
6,"(93, 94)",-1
6,"(93, 95)",-1
6,"(93, 96)",-1
6,"(94, 4)",-1
6,"(94, 6)",-1
6,"(94, 8)",-1
6,"(94, 12)",-1
6,"(94, 13)",-1
6,"(94, 14)",-1
6,"(94, 16)",-1
6,"(94, 17)",-1
6,"(94, 18)",-1
6,"(94, 19)",-1
6,"(94, 21)",-1
6,"(94, 22)",-1
6,"(94, 23)",-1
6,"(94, 24)",-1
6,"(94, 25)",-1
6,"(94, 27)",-1
6,"(94, 29)",-1
6,"(94, 30)",-1
6,"(94, 31)",-1
6,"(94, 33)",-1
6,"(94, 34)",-1
6,"(94, 37)",-1
6,"(94, 38)",-1
6,"(94, 40)",-1
6,"(94, 41)",-1
6,"(94, 42)",-1
6,"(94, 43)",-1
6,"(94, 44)",-1
6,"(94, 45)",-1
6,"(94, 47)",-1
6,"(94, 48)",-1
6,"(94, 49)",-1
6,"(94, 50)",-1
6,"(94, 51)",-1
6,"(94, 54)",-1
6,"(94, 56)",-1
6,"(94, 57)",-1
6,"(94, 60)",-1
6,"(94, 61)",-1
6,"(94, 64)",-1
6,"(94, 66)",-1
6,"(94, 67)",-1
6,"(94, 70)",-1
6,"(94, 75)",-1
6,"(94, 81)",-1
6,"(94, 82)",-1
6,"(94, 83)",-1
6,"(94, 85)",-1
6,"(94, 86)",-1
6,"(94, 89)",-1
6,"(94, 90)",-1
6,"(94, 95)",-1
6,"(94, 96)",-1
6,"(94, 99)",-1
6,"(95, 0)",-1
6,"(95, 2)",-1
6,"(95, 4)",-1
6,"(95, 9)",-1
6,"(95, 11)",-1
6,"(95, 16)",-1
6,"(95, 21)",-1
6,"(95, 22)",-1
6,"(95, 23)",-1
6,"(95, 25)",-1
6,"(95, 26)",-1
6,"(95, 28)",-1
6,"(95, 30)",-1
6,"(95, 32)",-1
6,"(95, 37)",-1
6,"(95, 38)",-1
6,"(95, 40)",-1
6,"(95, 47)",-1
6,"(95, 48)",-1
6,"(95, 51)",-1
6,"(95, 53)",-1
6,"(95, 56)",-1
6,"(95, 58)",-1
6,"(95, 60)",-1
6,"(95, 61)",-1
6,"(95, 69)",-1
6,"(95, 70)",-1
6,"(95, 71)",-1
6,"(95, 72)",-1
6,"(95, 73)",-1
6,"(95, 75)",-1
6,"(95, 82)",-1
6,"(95, 86)",-1
6,"(95, 90)",-1
6,"(95, 91)",-1
6,"(95, 92)",-1
6,"(95, 93)",-1
6,"(95, 94)",-1
6,"(95, 95)",-1
6,"(95, 96)",-1
6,"(95, 97)",-1
6,"(95, 99)",-1
6,"(96, 0)",-1
6,"(96, 2)",-1
6,"(96, 4)",-1
6,"(96, 5)",-1
6,"(96, 7)",-1
6,"(96, 9)",-1
6,"(96, 10)",-1
6,"(96, 12)",-1
6,"(96, 16)",-1
6,"(96, 17)",-1
6,"(96, 20)",-1
6,"(96, 21)",-1
6,"(96, 24)",-1
6,"(96, 25)",-1
6,"(96, 26)",-1
6,"(96, 31)",-1
6,"(96, 32)",-1
6,"(96, 33)",-1
6,"(96, 36)",-1
6,"(96, 38)",-1
6,"(96, 41)",-1
6,"(96, 47)",-1
6,"(96, 50)",-1
6,"(96, 51)",-1
6,"(96, 52)",-1
6,"(96, 53)",-1
6,"(96, 56)",-1
6,"(96, 58)",-1
6,"(96, 60)",-1
6,"(96, 61)",-1
6,"(96, 62)",-1
6,"(96, 68)",-1
6,"(96, 69)",-1
6,"(96, 71)",-1
6,"(96, 73)",-1
6,"(96, 74)",-1
6,"(96, 79)",-1
6,"(96, 82)",-1
6,"(96, 83)",-1
6,"(96, 84)",-1
6,"(96, 87)",-1
6,"(96, 88)",-1
6,"(96, 91)",-1
6,"(96, 94)",-1
6,"(96, 96)",-1
6,"(96, 99)",-1
6,"(97, 1)",-1
6,"(97, 2)",-1
6,"(97, 4)",-1
6,"(97, 10)",-1
6,"(97, 13)",-1
6,"(97, 18)",-1
6,"(97, 19)",-1
6,"(97, 22)",-1
6,"(97, 23)",-1
6,"(97, 24)",-1
6,"(97, 25)",-1
6,"(97, 27)",-1
6,"(97, 28)",-1
6,"(97, 31)",-1
6,"(97, 32)",-1
6,"(97, 35)",-1
6,"(97, 37)",-1
6,"(97, 39)",-1
6,"(97, 44)",-1
6,"(97, 48)",-1
6,"(97, 50)",-1
6,"(97, 51)",-1
6,"(97, 54)",-1
6,"(97, 58)",-1
6,"(97, 61)",-1
6,"(97, 63)",-1
6,"(97, 68)",-1
6,"(97, 69)",-1
6,"(97, 70)",-1
6,"(97, 73)",-1
6,"(97, 76)",-1
6,"(97, 78)",-1
6,"(97, 80)",-1
6,"(97, 86)",-1
6,"(97, 87)",-1
6,"(97, 88)",-1
6,"(97, 89)",-1
6,"(97, 92)",-1
6,"(97, 93)",-1
6,"(97, 95)",-1
6,"(97, 96)",-1
6,"(97, 99)",-1
6,"(98, 0)",-1
6,"(98, 3)",-1
6,"(98, 5)",-1
6,"(98, 6)",-1
6,"(98, 12)",-1
6,"(98, 15)",-1
6,"(98, 21)",-1
6,"(98, 22)",-1
6,"(98, 29)",-1
6,"(98, 31)",-1
6,"(98, 34)",-1
6,"(98, 36)",-1
6,"(98, 37)",-1
6,"(98, 38)",-1
6,"(98, 48)",-1
6,"(98, 50)",-1
6,"(98, 51)",-1
6,"(98, 52)",-1
6,"(98, 58)",-1
6,"(98, 59)",-1
6,"(98, 61)",-1
6,"(98, 63)",-1
6,"(98, 67)",-1
6,"(98, 68)",-1
6,"(98, 74)",-1
6,"(98, 78)",-1
6,"(98, 79)",-1
6,"(98, 81)",-1
6,"(98, 82)",-1
6,"(98, 83)",-1
6,"(98, 85)",-1
6,"(98, 87)",-1
6,"(98, 88)",-1
6,"(98, 90)",-1
6,"(98, 91)",-1
6,"(98, 92)",-1
6,"(98, 96)",-1
6,"(98, 98)",-1
6,"(98, 99)",-1
6,"(99, 1)",-1
6,"(99, 3)",-1
6,"(99, 4)",-1
6,"(99, 5)",-1
6,"(99, 6)",-1
6,"(99, 8)",-1
6,"(99, 13)",-1
6,"(99, 15)",-1
6,"(99, 17)",-1
6,"(99, 22)",-1
6,"(99, 23)",-1
6,"(99, 25)",-1
6,"(99, 26)",-1
6,"(99, 27)",-1
6,"(99, 29)",-1
6,"(99, 31)",-1
6,"(99, 33)",-1
6,"(99, 39)",-1
6,"(99, 44)",-1
6,"(99, 45)",-1
6,"(99, 47)",-1
6,"(99, 51)",-1
6,"(99, 53)",-1
6,"(99, 60)",-1
6,"(99, 61)",-1
6,"(99, 62)",-1
6,"(99, 63)",-1
6,"(99, 65)",-1
6,"(99, 67)",-1
6,"(99, 68)",-1
6,"(99, 69)",-1
6,"(99, 70)",-1
6,"(99, 72)",-1
6,"(99, 81)",-1
6,"(99, 84)",-1
6,"(99, 85)",-1
6,"(99, 86)",-1
6,"(99, 90)",-1
6,"(99, 91)",-1
6,"(99, 97)",-1
